,DEPARTAMENTO,MUNICIPIO,CULTIVO,PERIODO,Área Sembrada(ha),Área Cosechada(ha),Producción(t),Rendimiento(t/ha)
0,1,602,6,3,270,250,30000,120.0
1,1,486,6,3,195,192,16320,85.0
2,1,359,6,3,160,80,8800,110.0
3,1,210,6,3,120,70,1400,20.0
4,1,777,6,3,70,52,5720,110.0
5,1,930,6,3,56,20,2340,120.0
6,1,929,6,3,50,5,60,12.0
7,1,494,6,3,46,42,4872,116.0
8,1,410,6,3,25,18,2160,120.0
9,1,836,6,3,23,23,2990,130.0
10,1,75,6,3,20,18,1080,60.0
11,1,678,6,3,20,13,1560,120.0
12,1,149,6,3,15,11,880,80.0
13,1,398,6,3,15,15,1350,90.0
14,1,771,6,3,14,0,0,0.0
15,1,91,6,3,14,15,1050,70.0
16,1,451,6,3,12,11,83,7.5
17,1,975,6,3,12,5,105,21.0
18,1,58,6,3,12,4,640,160.0
19,1,312,6,3,11,9,1350,150.0
20,1,29,6,3,8,7,182,26.0
21,1,930,6,3,7,6,44,8.0
22,1,392,6,3,7,5,200,40.0
23,1,133,6,3,7,6,600,100.0
24,1,783,6,3,6,4,48,12.0
25,1,133,6,3,6,5,50,10.0
26,1,119,6,3,6,4,60,15.0
27,1,87,6,3,6,4,62,16.0
28,1,35,6,3,6,5,90,18.0
29,1,339,6,3,6,6,900,150.0
30,1,360,6,3,6,5,950,190.0
31,1,892,6,3,5,2,24,16.0
32,1,243,6,3,5,5,100,20.0
33,1,252,6,3,5,5,150,30.0
34,1,344,6,3,5,4,210,60.0
35,1,793,6,3,5,3,372,120.0
36,1,805,6,3,5,23,2530,110.0
37,1,376,6,3,4,2,48,24.0
38,1,516,6,3,3,0,0,0.0
39,1,941,6,3,3,2,16,8.0
40,1,293,6,3,3,3,400,160.0
41,1,35,6,3,3,4,600,150.0
42,1,337,6,3,2,0,0,0.0
43,1,337,6,3,2,1,63,90.0
44,1,769,6,3,2,1,105,95.0
45,1,314,6,3,2,1,146,133.0
46,1,416,6,3,1,1,5,5.0
47,1,892,6,3,1,0,9,90.0
48,1,350,6,3,1,1,18,30.0
49,1,799,6,3,1,0,45,150.0
50,1,532,6,3,1,1,50,100.0
51,1,718,6,3,1,1,55,110.0
52,1,630,6,3,1,3,66,22.0
53,1,252,6,3,1,1,70,70.0
54,1,152,6,3,1,1,84,140.0
55,1,209,6,3,1,1,100,100.0
56,1,396,6,3,1,3,177,59.0
57,1,248,6,3,1,3,330,110.0
58,1,396,6,3,1,5,950,190.0
59,1,897,6,3,0,0,22,110.0
60,1,392,6,3,0,0,36,120.0
61,1,864,6,3,0,2,240,120.0
62,3,698,6,3,6,0,0,0.0
63,3,475,6,3,0,1,10,10.0
64,3,611,6,3,0,6,30,5.0
65,3,804,6,3,0,5,90,20.0
66,3,676,6,3,0,30,666,22.0
67,5,954,6,3,90,20,600,30.0
68,5,856,6,3,90,20,1100,55.0
69,5,704,6,3,50,50,2850,57.0
70,5,797,6,3,50,45,4500,100.0
71,5,704,6,3,45,39,5460,140.0
72,5,889,6,3,32,12,1080,90.0
73,5,541,6,3,30,23,377,16.4
74,5,95,6,3,30,30,1800,60.0
75,5,671,6,3,25,25,750,30.0
76,5,332,6,3,23,25,875,35.0
77,5,367,6,3,20,15,810,54.0
78,5,226,6,3,20,17,850,50.0
79,5,514,6,3,18,18,540,30.0
80,5,877,6,3,18,14,1680,120.0
81,5,271,6,3,15,9,108,12.0
82,5,883,6,3,15,10,248,23.8
83,5,95,6,3,12,10,300,30.0
84,5,106,6,3,11,0,0,0.0
85,5,464,6,3,11,0,0,0.0
86,5,810,6,3,10,7,196,28.0
87,5,409,6,3,10,8,210,28.0
88,5,877,6,3,10,15,420,28.0
89,5,763,6,3,10,10,450,45.0
90,5,409,6,3,10,7,780,120.0
91,5,857,6,3,10,8,1024,128.0
92,5,362,6,3,8,0,0,0.0
93,5,586,6,3,8,4,160,40.0
94,5,712,6,3,7,4,80,20.0
95,5,918,6,3,7,5,325,65.0
96,5,694,6,3,6,4,160,40.0
97,5,503,6,3,6,8,1050,140.0
98,5,362,6,3,5,0,0,0.0
99,5,565,6,3,5,32,3200,100.0
100,5,90,6,3,4,3,200,80.0
101,5,986,6,3,4,4,441,126.0
102,5,828,6,3,3,0,0,0.0
103,5,398,6,3,3,2,16,8.0
104,5,831,6,3,3,1,35,35.0
105,5,835,6,3,3,3,98,35.0
106,5,23,6,3,3,3,219,73.0
107,5,592,6,3,2,0,0,0.0
108,5,439,6,3,2,1,14,14.0
109,5,732,6,3,2,2,126,69.8
110,5,300,6,3,0,8,160,20.0
111,5,569,6,3,0,3,208,83.0
112,5,890,6,3,0,7,276,40.0
113,6,480,6,3,122,108,2819,26.1
114,6,180,6,3,73,70,1750,25.0
115,6,489,6,3,45,1,2,2.0
116,6,11,6,3,25,20,520,26.0
117,6,713,6,3,20,12,240,20.0
118,6,950,6,3,20,15,278,18.5
119,6,48,6,3,15,15,450,30.0
120,6,40,6,3,14,13,221,17.0
121,6,40,6,3,13,12,384,32.0
122,6,852,6,3,12,9,45,5.0
123,6,960,6,3,12,11,1430,130.0
124,6,83,6,3,7,0,0,0.0
125,6,537,6,3,7,7,84,12.0
126,6,576,6,3,6,6,120,20.0
127,6,970,6,3,6,5,350,70.0
128,6,482,6,3,6,7,770,110.0
129,6,688,6,3,5,3,54,18.0
130,6,423,6,3,4,0,0,0.0
131,6,489,6,3,2,0,0,0.0
132,6,48,6,3,2,2,75,50.0
133,6,598,6,3,1,0,12,48.0
134,6,689,6,3,1,1,25,25.0
135,6,707,6,3,1,4,100,25.0
136,7,779,6,3,10,0,0,0.0
137,7,240,6,3,2,1,24,30.0
138,8,862,6,3,5,0,0,0.0
139,8,699,6,3,1,1,36,40.0
140,9,99,6,3,153,145,17255,119.0
141,9,432,6,3,21,35,3150,90.0
142,9,500,6,3,18,16,160,10.0
143,9,504,6,3,15,11,275,25.0
144,9,220,6,3,11,0,0,0.0
145,9,849,6,3,10,6,19,3.2
146,9,287,6,3,10,6,300,50.0
147,9,888,6,3,8,105,1890,18.0
148,9,606,6,3,6,4,320,80.0
149,9,302,6,3,5,0,0,0.0
150,9,71,6,3,5,4,40,10.0
151,9,775,6,3,5,8,80,10.0
152,9,128,6,3,4,0,0,0.0
153,9,394,6,3,4,0,0,0.0
154,9,791,6,3,4,3,30,10.0
155,9,107,6,3,3,2,3,1.5
156,9,348,6,3,3,3,12,4.0
157,9,128,6,3,3,2,248,124.0
158,9,846,6,3,2,0,0,0.0
159,9,123,6,3,2,2,6,4.0
160,9,956,6,3,2,1,10,10.0
161,9,903,6,3,2,1,25,25.0
162,9,622,6,3,1,0,0,0.0
163,9,775,6,3,1,1,1,1.0
164,9,455,6,3,1,1,3,5.0
165,9,903,6,3,1,1,21,21.0
166,9,695,6,3,1,1,98,75.0
167,9,302,6,3,0,3,50,20.0
168,9,846,6,3,0,1,60,60.0
169,10,426,6,3,130,85,1020,12.0
170,10,861,6,3,103,0,0,0.0
171,10,13,6,3,83,35,420,12.0
172,10,680,6,3,50,38,684,18.0
173,10,419,6,3,23,22,264,12.0
174,10,342,6,3,15,15,270,18.0
175,10,939,6,3,12,14,224,16.0
176,10,628,6,3,6,80,800,10.0
177,10,478,6,3,6,6,60,10.0
178,11,150,6,3,3,3,42,14.0
179,12,772,6,3,1,1,12,12.0
180,13,142,6,3,120,110,8800,80.0
181,13,307,6,3,108,112,11236,100.6
182,13,320,6,3,100,108,1404,13.0
183,13,142,6,3,80,95,2375,25.0
184,13,922,6,3,74,42,1260,30.0
185,13,876,6,3,65,53,4830,91.1
186,13,663,6,3,41,39,1560,40.0
187,13,729,6,3,39,0,0,0.0
188,13,52,6,3,37,32,256,8.0
189,13,319,6,3,25,12,330,27.5
190,13,351,6,3,23,25,325,13.0
191,13,854,6,3,19,0,0,0.0
192,13,116,6,3,19,11,198,18.0
193,13,566,6,3,19,17,1275,75.0
194,13,481,6,3,18,21,486,23.1
195,13,38,6,3,17,15,295,19.7
196,13,424,6,3,15,8,96,12.0
197,13,425,6,3,13,0,0,0.0
198,13,971,6,3,10,2,9,6.0
199,13,881,6,3,10,5,75,15.0
200,13,657,6,3,10,12,120,10.0
201,13,809,6,3,10,12,180,15.0
202,13,966,6,3,9,8,74,8.9
203,13,722,6,3,8,5,110,22.0
204,13,320,6,3,8,8,720,90.0
205,13,193,6,3,8,9,1020,120.0
206,13,987,6,3,7,6,108,18.0
207,13,884,6,3,6,0,0,0.0
208,13,725,6,3,6,5,80,16.0
209,13,735,6,3,5,1,10,19.0
210,13,944,6,3,5,4,60,15.0
211,13,399,6,3,4,1,6,6.2
212,13,750,6,3,4,3,45,15.0
213,13,495,6,3,3,0,0,0.0
214,13,949,6,3,3,3,45,15.0
215,13,344,6,3,3,1,50,50.0
216,13,349,6,3,2,0,0,0.0
217,13,895,6,3,2,0,0,0.0
218,13,851,6,3,2,1,6,7.0
219,13,438,6,3,2,1,16,16.0
220,13,310,6,3,2,2,252,126.0
221,13,902,6,3,1,1,40,79.0
222,13,725,6,3,1,1,40,40.0
223,13,921,6,3,1,1,45,45.0
224,13,850,6,3,1,1,80,80.0
225,13,895,6,3,0,1,12,12.0
226,13,921,6,3,0,3,54,18.0
227,13,854,6,3,0,18,180,10.0
228,16,614,6,3,128,126,1890,15.0
229,16,5,6,3,80,55,990,18.0
230,16,21,6,3,50,40,640,16.0
231,16,873,6,3,50,55,880,16.0
232,16,428,6,3,33,30,480,16.0
233,16,390,6,3,30,23,345,15.0
234,16,135,6,3,30,27,432,16.0
235,16,333,6,3,27,30,480,16.0
236,16,205,6,3,25,10,100,10.0
237,16,716,6,3,25,23,338,15.0
238,16,389,6,3,19,12,156,13.0
239,16,690,6,3,15,10,143,15.0
240,16,350,6,3,15,9,144,16.0
241,16,538,6,3,15,15,233,15.5
242,16,847,6,3,14,13,195,15.0
243,16,533,6,3,10,6,61,11.0
244,16,335,6,3,10,10,150,15.0
245,16,869,6,3,10,10,150,15.0
246,16,879,6,3,10,10,160,16.0
247,16,73,6,3,8,2,30,15.0
248,16,380,6,3,8,6,96,16.0
249,16,570,6,3,8,8,120,15.0
250,16,789,6,3,8,11,154,14.0
251,16,406,6,3,7,8,120,15.0
252,16,887,6,3,5,3,60,20.0
253,16,576,6,3,5,5,75,15.0
254,16,7,6,3,5,8,120,15.0
255,16,558,6,3,5,15,225,15.0
256,16,25,6,3,4,3,45,15.0
257,16,706,6,3,4,3,60,20.0
258,16,880,6,3,3,2,23,15.0
259,16,290,6,3,2,2,24,12.0
260,16,14,6,3,2,4,64,16.0
261,16,613,6,3,1,10,150,15.0
262,16,965,6,3,1,0,0,0.0
263,17,686,6,3,45,53,530,10.0
264,17,79,6,3,40,29,174,6.0
265,17,308,6,3,12,16,320,20.0
266,17,931,6,3,10,0,0,0.0
267,17,961,6,3,10,5,50,10.0
268,17,472,6,3,10,8,56,7.0
269,17,246,6,3,10,7,105,15.0
270,17,420,6,3,10,8,144,18.0
271,17,752,6,3,4,22,220,10.0
272,17,274,6,3,2,0,0,0.0
273,17,16,6,3,0,5,75,15.0
274,18,196,6,3,140,50,350,7.0
275,18,316,6,3,80,45,585,13.0
276,18,826,6,3,42,30,450,15.0
277,18,989,6,3,27,0,0,0.0
278,18,20,6,3,25,15,225,15.0
279,18,675,6,3,25,17,255,15.0
280,18,790,6,3,20,20,260,13.0
281,18,707,6,3,10,9,108,12.0
282,18,47,6,3,10,0,0,0.0
283,19,761,6,3,28,25,575,23.0
284,19,754,6,3,7,5,100,20.0
285,19,114,6,3,4,0,0,0.0
286,19,354,6,3,2,2,3,1.5
287,20,714,6,3,90,25,3500,140.0
288,20,15,6,3,88,85,7650,90.0
289,20,206,6,3,70,16,144,9.0
290,20,452,6,3,60,5,500,100.0
291,20,33,6,3,32,8,120,15.0
292,20,767,6,3,31,0,0,0.0
293,20,277,6,3,26,20,700,35.0
294,20,206,6,3,25,6,210,35.0
295,20,435,6,3,17,14,1260,90.0
296,20,725,6,3,15,10,1200,120.0
297,20,15,6,3,14,14,700,50.0
298,20,352,6,3,14,13,1188,95.0
299,20,725,6,3,11,15,18,1.2
300,20,385,6,3,8,8,264,33.0
301,20,213,6,3,6,4,148,37.0
302,20,417,6,3,5,1,52,40.0
303,20,287,6,3,5,3,270,90.0
304,20,213,6,3,5,3,297,90.0
305,20,108,6,3,5,5,400,80.0
306,20,286,6,3,5,15,2590,175.0
307,20,445,6,3,4,3,4,1.2
308,20,412,6,3,4,1,140,100.0
309,20,352,6,3,3,0,0,0.0
310,20,556,6,3,3,0,0,0.0
311,20,619,6,3,3,0,0,0.0
312,20,476,6,3,3,3,210,70.0
313,20,285,6,3,3,3,270,90.0
314,20,167,6,3,3,2,340,170.0
315,20,781,6,3,2,3,18,7.0
316,20,755,6,3,2,4,84,21.0
317,20,421,6,3,1,0,0,0.0
318,20,84,6,3,1,1,120,120.0
319,20,798,6,3,1,1,120,120.0
320,20,865,6,3,1,10,700,70.0
321,20,781,6,3,0,5,200,40.0
322,21,552,6,3,750,440,21120,48.0
323,21,1,6,3,120,100,2000,20.0
324,21,429,6,3,90,100,2800,28.0
325,21,289,6,3,60,60,2100,35.0
326,21,259,6,3,44,50,2000,40.0
327,21,371,6,3,40,18,630,35.0
328,21,878,6,3,39,38,874,23.0
329,21,953,6,3,22,28,700,25.0
330,21,802,6,3,20,1,16,16.0
331,21,216,6,3,20,40,1600,40.0
332,21,104,6,3,19,18,540,30.0
333,21,460,6,3,12,12,216,18.0
334,21,955,6,3,12,10,410,41.0
335,21,117,6,3,12,12,780,65.0
336,21,96,6,3,11,11,330,30.0
337,21,251,6,3,11,10,370,37.0
338,21,726,6,3,10,8,224,28.0
339,21,584,6,3,10,14,560,40.0
340,21,178,6,3,10,10,425,44.7
341,21,669,6,3,8,4,136,34.0
342,21,343,6,3,7,6,138,23.0
343,21,729,6,3,6,5,150,30.0
344,21,708,6,3,5,1,25,25.0
345,21,897,6,3,5,3,84,28.0
346,21,117,6,3,4,0,0,0.0
347,21,54,6,3,4,4,100,25.0
348,21,808,6,3,4,2,38,25.0
349,21,178,6,3,3,0,0,0.0
350,21,234,6,3,3,1,24,24.0
351,21,462,6,3,3,1,33,33.0
352,21,377,6,3,2,2,16,8.0
353,23,299,6,3,90,87,9570,110.0
354,23,61,6,3,24,16,400,25.0
355,23,199,6,3,10,21,1470,70.0
356,23,665,6,3,6,9,90,10.0
357,23,126,6,3,4,5,36,8.0
358,23,61,6,3,3,5,225,45.0
359,23,334,6,3,2,1,10,10.0
360,23,334,6,3,2,1,10,10.0
361,23,126,6,3,2,3,24,8.0
362,23,665,6,3,2,4,156,40.0
363,23,219,6,3,1,8,251,31.0
364,23,607,6,3,1,1,2,3.8
365,23,710,6,3,1,1,100,100.0
366,24,491,6,3,30,30,2880,96.0
367,24,792,6,3,11,11,525,50.0
368,24,600,6,3,10,28,987,35.0
369,24,363,6,3,8,6,150,25.0
370,24,805,6,3,5,5,144,30.0
371,24,411,6,3,4,3,66,22.0
372,24,600,6,3,3,6,261,45.0
373,24,249,6,3,2,2,120,60.0
374,26,687,6,3,126,112,2128,19.0
375,26,587,6,3,100,27,689,25.5
376,26,844,6,3,65,78,3120,40.0
377,26,93,6,3,60,30,600,20.0
378,26,241,6,3,60,50,1750,35.0
379,26,604,6,3,60,50,1750,35.0
380,26,340,6,3,55,15,375,25.0
381,26,764,6,3,50,50,1000,20.0
382,26,212,6,3,40,12,240,20.0
383,26,141,6,3,40,30,1500,50.0
384,26,103,6,3,36,13,279,22.0
385,26,75,6,3,30,28,1624,58.0
386,26,936,6,3,25,10,238,25.0
387,26,161,6,3,25,17,272,16.0
388,26,465,6,3,23,25,1250,50.0
389,26,829,6,3,22,18,630,35.0
390,26,853,6,3,21,15,375,25.0
391,26,736,6,3,20,20,400,20.0
392,26,493,6,3,20,18,504,28.0
393,26,292,6,3,20,22,660,30.0
394,26,982,6,3,18,15,450,30.0
395,26,461,6,3,18,17,323,19.0
396,26,509,6,3,17,15,1125,75.0
397,26,742,6,3,13,12,253,20.4
398,26,172,6,3,12,10,250,25.0
399,26,718,6,3,12,6,156,26.0
400,26,579,6,3,12,5,160,32.0
401,26,209,6,3,12,10,400,40.0
402,26,551,6,3,10,5,125,25.0
403,26,820,6,3,10,8,165,22.0
404,26,900,6,3,10,9,261,29.0
405,26,444,6,3,10,50,2000,40.0
406,26,553,6,3,7,5,500,100.0
407,26,306,6,3,6,6,132,22.0
408,26,325,6,3,6,2,26,16.0
409,26,345,6,3,6,4,120,30.0
410,26,304,6,3,6,3,270,90.0
411,26,740,6,3,6,5,500,100.0
412,26,215,6,3,5,4,12,3.0
413,26,304,6,3,5,4,72,18.0
414,26,182,6,3,5,5,100,20.0
415,26,942,6,3,5,5,100,20.0
416,26,632,6,3,4,3,50,20.0
417,26,508,6,3,4,3,210,75.0
418,26,330,6,3,4,2,24,12.0
419,26,373,6,3,3,0,0,0.0
420,26,49,6,3,3,3,48,16.0
421,26,176,6,3,2,2,4,2.0
422,26,557,6,3,2,0,32,80.0
423,26,272,6,3,1,0,0,0.0
424,26,368,6,3,1,1,15,15.0
425,26,942,6,3,1,1,120,120.0
426,26,357,6,3,1,0,0,0.0
427,26,368,6,3,1,1,50,100.0
428,26,948,6,3,0,0,0,0.0
429,26,357,6,3,0,0,10,32.0
430,26,130,6,3,0,3,45,15.0
431,26,577,6,3,0,2,50,25.0
432,28,382,6,3,320,320,6400,20.0
433,28,122,6,3,65,65,1300,20.0
434,28,171,6,3,30,20,50,2.5
435,28,43,6,3,30,8,104,13.0
436,28,963,6,3,15,13,182,14.0
437,28,963,6,3,10,0,0,0.0
438,28,488,6,3,10,7,210,30.0
439,28,937,6,3,9,38,467,12.3
440,28,616,6,3,6,0,0,0.0
441,28,959,6,3,4,0,0,0.0
442,28,24,6,3,3,3,5,1.5
443,28,721,6,3,0,17,26,1.5
444,29,270,6,3,104,104,2600,25.0
445,29,413,6,3,85,84,1588,18.9
446,29,677,6,3,70,63,630,10.0
447,29,979,6,3,50,25,750,30.0
448,29,910,6,3,40,42,630,15.0
449,29,769,6,3,35,35,875,25.0
450,29,347,6,3,32,27,540,20.0
451,29,17,6,3,32,52,1823,35.2
452,29,952,6,3,30,15,570,38.0
453,29,99,6,3,25,20,560,28.0
454,29,625,6,3,20,0,0,0.0
455,29,813,6,3,20,7,280,40.0
456,29,110,6,3,18,18,396,22.0
457,29,305,6,3,17,21,840,40.0
458,29,692,6,3,15,15,225,15.0
459,29,109,6,3,15,12,1140,95.0
460,29,138,6,3,13,16,264,17.0
461,29,924,6,3,12,3,79,30.0
462,29,685,6,3,10,4,80,20.0
463,29,58,6,3,10,7,84,12.0
464,29,550,6,3,10,5,125,25.0
465,29,120,6,3,10,8,256,32.0
466,29,41,6,3,9,11,330,30.0
467,29,244,6,3,7,8,158,20.0
468,29,129,6,3,6,4,120,30.0
469,29,129,6,3,6,6,120,20.0
470,29,580,6,3,5,4,70,18.5
471,29,685,6,3,5,2,100,50.0
472,29,947,6,3,5,6,150,25.0
473,29,907,6,3,5,4,133,38.0
474,29,907,6,3,4,5,104,23.0
475,29,980,6,3,4,3,120,40.0
476,29,41,6,3,4,4,147,42.0
477,29,980,6,3,3,2,50,25.0
478,29,131,6,3,3,40,800,20.0
479,29,336,6,3,1,2,50,25.0
480,29,435,6,3,1,6,150,25.0
481,29,904,6,3,1,8,188,25.0
482,29,395,6,3,1,1,10,20.0
483,29,263,6,3,0,7,175,25.0
484,29,244,6,3,0,10,230,23.0
485,0,449,6,4,0,1,1,1.0
486,1,602,6,4,270,190,22800,120.0
487,1,486,6,4,188,187,15895,85.0
488,1,210,6,4,120,45,900,20.0
489,1,359,6,4,80,70,7700,110.0
490,1,930,6,4,55,70,8400,120.0
491,1,777,6,4,50,48,5280,110.0
492,1,494,6,4,46,43,4988,116.0
493,1,75,6,4,28,18,1080,60.0
494,1,836,6,4,28,28,3640,130.0
495,1,805,6,4,23,23,2530,110.0
496,1,410,6,4,20,16,1920,120.0
497,1,975,6,4,16,5,105,21.0
498,1,678,6,4,16,10,1200,120.0
499,1,398,6,4,15,1,90,90.0
500,1,149,6,4,15,11,880,80.0
501,1,771,6,4,13,0,0,0.0
502,1,91,6,4,13,15,1050,70.0
503,1,451,6,4,12,11,83,7.5
504,1,312,6,4,10,10,1500,150.0
505,1,119,6,4,8,3,45,15.0
506,1,930,6,4,6,6,44,8.0
507,1,392,6,4,6,4,160,40.0
508,1,396,6,4,6,4,236,59.0
509,1,133,6,4,6,3,300,100.0
510,1,396,6,4,6,4,760,190.0
511,1,87,6,4,5,4,61,16.0
512,1,35,6,4,5,4,80,20.0
513,1,243,6,4,5,5,100,20.0
514,1,783,6,4,5,7,119,17.0
515,1,252,6,4,5,5,150,30.0
516,1,929,6,4,5,9,170,20.0
517,1,29,6,4,5,8,195,26.0
518,1,360,6,4,5,3,630,210.0
519,1,339,6,4,5,6,900,150.0
520,1,892,6,4,5,3,48,16.0
521,1,133,6,4,4,5,50,10.0
522,1,344,6,4,4,4,264,60.0
523,1,58,6,4,4,8,720,90.0
524,1,35,6,4,4,5,750,150.0
525,1,376,6,4,3,2,50,25.0
526,1,630,6,4,3,2,53,22.0
527,1,248,6,4,3,1,140,140.0
528,1,293,6,4,3,2,86,57.0
529,1,793,6,4,2,1,120,120.0
530,1,516,6,4,2,0,0,0.0
531,1,941,6,4,2,2,16,8.0
532,1,337,6,4,2,2,135,90.0
533,1,350,6,4,1,0,0,0.0
534,1,769,6,4,1,1,95,95.0
535,1,314,6,4,1,1,146,133.0
536,1,337,6,4,1,0,0,0.0
537,1,416,6,4,1,1,5,5.0
538,1,209,6,4,1,0,40,100.0
539,1,532,6,4,1,1,50,100.0
540,1,252,6,4,1,1,70,70.0
541,1,152,6,4,1,0,0,0.0
542,1,718,6,4,1,1,55,110.0
543,1,799,6,4,0,1,30,60.0
544,1,892,6,4,0,0,36,90.0
545,1,897,6,4,0,0,22,110.0
546,1,392,6,4,0,0,36,120.0
547,1,350,6,4,0,1,69,138.0
548,1,718,6,4,0,3,90,30.0
549,1,602,6,4,0,70,5880,84.0
550,3,698,6,4,5,4,80,20.0
551,3,611,6,4,0,6,30,5.0
552,3,804,6,4,0,5,90,20.0
553,3,578,6,4,0,6,180,30.0
554,3,676,6,4,0,30,540,18.0
555,5,856,6,4,90,20,1100,55.0
556,5,954,6,4,70,20,2400,120.0
557,5,704,6,4,60,44,2684,61.0
558,5,797,6,4,45,50,5000,100.0
559,5,704,6,4,34,29,4060,140.0
560,5,226,6,4,30,20,400,20.0
561,5,541,6,4,27,18,828,46.0
562,5,671,6,4,25,20,600,30.0
563,5,332,6,4,25,28,980,35.0
564,5,367,6,4,22,14,770,55.0
565,5,565,6,4,22,27,1755,65.0
566,5,889,6,4,20,0,0,0.0
567,5,877,6,4,18,0,0,0.0
568,5,514,6,4,18,18,54,3.0
569,5,271,6,4,15,10,100,10.0
570,5,883,6,4,14,10,248,23.8
571,5,409,6,4,12,5,450,100.0
572,5,106,6,4,10,0,0,0.0
573,5,763,6,4,10,0,0,0.0
574,5,877,6,4,10,0,0,0.0
575,5,409,6,4,10,5,126,28.0
576,5,464,6,4,10,5,200,40.0
577,5,95,6,4,10,8,240,30.0
578,5,857,6,4,9,10,1280,128.0
579,5,503,6,4,8,0,0,0.0
580,5,586,6,4,8,4,160,40.0
581,5,362,6,4,7,0,0,0.0
582,5,810,6,4,7,4,35,8.8
583,5,918,6,4,6,4,260,65.0
584,5,362,6,4,4,0,0,0.0
585,5,694,6,4,4,0,0,0.0
586,5,986,6,4,4,4,500,125.0
587,5,712,6,4,3,3,60,20.0
588,5,835,6,4,3,2,63,35.0
589,5,95,6,4,3,3,180,60.0
590,5,90,6,4,3,3,240,80.0
591,5,398,6,4,3,2,12,8.0
592,5,828,6,4,2,0,0,0.0
593,5,732,6,4,2,2,126,70.2
594,5,23,6,4,2,3,216,72.0
595,5,439,6,4,1,0,0,0.0
596,5,831,6,4,1,0,0,0.0
597,5,592,6,4,1,1,40,80.0
598,5,694,6,4,0,4,16,4.0
599,5,300,6,4,0,8,160,20.0
600,5,890,6,4,0,5,200,40.0
601,5,569,6,4,0,3,208,83.0
602,5,106,6,4,0,9,675,75.0
603,5,889,6,4,0,30,780,26.0
604,6,480,6,4,120,108,2819,26.1
605,6,180,6,4,70,70,1750,25.0
606,6,48,6,4,30,10,300,30.0
607,6,713,6,4,20,12,240,20.0
608,6,11,6,4,20,20,430,21.3
609,6,40,6,4,15,13,189,14.5
610,6,40,6,4,13,3,84,28.0
611,6,950,6,4,13,12,222,18.5
612,6,852,6,4,10,0,0,0.0
613,6,576,6,4,10,17,323,19.0
614,6,960,6,4,10,7,924,132.0
615,6,537,6,4,7,7,70,10.0
616,6,83,6,4,6,5,200,40.0
617,6,970,6,4,5,0,0,0.0
618,6,707,6,4,5,4,100,25.0
619,6,482,6,4,5,7,770,110.0
620,6,423,6,4,3,4,56,14.0
621,6,688,6,4,3,3,60,20.0
622,6,489,6,4,1,0,0,0.0
623,6,689,6,4,1,0,0,0.0
624,6,489,6,4,1,2,4,2.0
625,6,48,6,4,1,2,100,50.0
626,6,598,6,4,0,0,0,0.0
627,6,852,6,4,0,7,40,5.5
628,7,779,6,4,9,0,0,0.0
629,7,240,6,4,2,0,0,0.0
630,8,862,6,4,4,0,0,0.0
631,8,699,6,4,1,0,0,0.0
632,9,99,6,4,140,0,52,130.0
633,9,888,6,4,65,98,1813,18.5
634,9,432,6,4,20,8,840,105.0
635,9,500,6,4,16,26,36,1.4
636,9,220,6,4,10,0,0,0.0
637,9,504,6,4,10,12,300,25.0
638,9,287,6,4,8,7,350,50.0
639,9,775,6,4,7,0,0,0.0
640,9,302,6,4,4,0,0,0.0
641,9,71,6,4,4,3,3,1.0
642,9,849,6,4,4,8,308,41.0
643,9,606,6,4,4,6,480,80.0
644,9,791,6,4,4,8,14,1.7
645,9,394,6,4,3,0,4,15.0
646,9,348,6,4,3,3,9,3.0
647,9,128,6,4,3,2,186,124.0
648,9,128,6,4,3,3,447,149.0
649,9,107,6,4,3,2,3,1.5
650,9,123,6,4,2,1,150,150.0
651,9,775,6,4,1,0,0,0.0
652,9,846,6,4,1,0,0,0.0
653,9,695,6,4,1,1,3,2.0
654,9,956,6,4,1,1,10,10.0
655,9,903,6,4,1,6,150,25.0
656,9,903,6,4,1,12,240,20.0
657,9,455,6,4,1,1,3,5.0
658,9,622,6,4,0,0,0,0.0
659,9,22,6,4,0,8,16,2.0
660,9,302,6,4,0,2,40,20.0
661,9,846,6,4,0,1,60,60.0
662,9,58,6,4,0,1,70,100.0
663,10,861,6,4,100,0,0,0.0
664,10,426,6,4,100,80,960,12.0
665,10,13,6,4,82,3,36,12.0
666,10,680,6,4,40,25,375,15.0
667,10,419,6,4,23,33,396,12.0
668,10,342,6,4,15,20,180,9.0
669,10,939,6,4,12,13,208,16.0
670,10,478,6,4,6,5,46,10.0
671,10,628,6,4,6,10,70,7.0
672,11,150,6,4,3,3,42,14.0
673,12,772,6,4,1,1,12,12.0
674,13,320,6,4,120,100,1300,13.0
675,13,142,6,4,100,110,8800,80.0
676,13,307,6,4,97,52,6252,120.0
677,13,142,6,4,70,80,2000,25.0
678,13,876,6,4,53,53,4830,91.1
679,13,922,6,4,48,53,1590,30.0
680,13,663,6,4,41,0,0,0.0
681,13,729,6,4,38,0,0,0.0
682,13,52,6,4,34,24,192,8.0
683,13,351,6,4,30,16,208,13.0
684,13,481,6,4,22,17,392,23.1
685,13,854,6,4,18,15,180,12.0
686,13,566,6,4,17,16,1280,80.0
687,13,809,6,4,15,12,180,15.0
688,13,319,6,4,15,7,350,50.0
689,13,38,6,4,13,10,90,9.0
690,13,425,6,4,12,3,60,20.0
691,13,116,6,4,11,10,170,17.0
692,13,424,6,4,10,20,240,12.0
693,13,966,6,4,9,0,0,0.0
694,13,320,6,4,9,8,720,90.0
695,13,193,6,4,9,10,1140,120.0
696,13,881,6,4,7,6,36,6.0
697,13,657,6,4,7,4,44,11.0
698,13,944,6,4,7,10,180,18.0
699,13,987,6,4,6,20,200,10.0
700,13,722,6,4,5,0,0,0.0
701,13,884,6,4,5,0,0,0.0
702,13,725,6,4,5,7,112,16.0
703,13,971,6,4,4,0,0,0.0
704,13,399,6,4,4,1,4,4.6
705,13,949,6,4,3,2,30,15.0
706,13,750,6,4,3,3,54,18.0
707,13,310,6,4,3,2,252,126.0
708,13,438,6,4,2,0,0,0.0
709,13,495,6,4,2,0,0,0.0
710,13,921,6,4,2,0,0,0.0
711,13,349,6,4,1,1,25,23.6
712,13,895,6,4,1,0,0,0.0
713,13,851,6,4,1,1,6,7.0
714,13,850,6,4,1,1,25,50.0
715,13,725,6,4,1,1,27,27.0
716,13,344,6,4,1,1,50,50.0
717,13,735,6,4,1,0,0,0.0
718,13,902,6,4,1,0,0,0.0
719,13,662,6,4,0,0,2,10.0
720,13,921,6,4,0,1,20,20.0
721,13,735,6,4,0,1,25,19.0
722,13,324,6,4,0,4,42,12.0
723,13,438,6,4,0,3,48,16.0
724,13,895,6,4,0,1,60,60.0
725,13,722,6,4,0,3,66,22.0
726,13,850,6,4,0,2,160,80.0
727,13,38,6,4,0,5,175,35.0
728,13,663,6,4,0,39,144,3.7
729,13,307,6,4,0,56,5196,92.3
730,16,614,6,4,148,90,1440,16.0
731,16,5,6,4,80,10,150,15.0
732,16,873,6,4,45,10,160,16.0
733,16,21,6,4,38,45,720,16.0
734,16,428,6,4,33,32,512,16.0
735,16,390,6,4,27,15,225,15.0
736,16,716,6,4,25,22,352,16.0
737,16,135,6,4,25,27,432,16.0
738,16,333,6,4,22,80,1280,16.0
739,16,205,6,4,20,25,400,16.0
740,16,389,6,4,20,3,48,16.0
741,16,538,6,4,15,15,233,15.5
742,16,847,6,4,15,17,255,15.0
743,16,25,6,4,13,10,150,15.0
744,16,789,6,4,11,8,128,16.0
745,16,879,6,4,10,9,144,16.0
746,16,7,6,4,10,10,150,15.0
747,16,690,6,4,10,10,160,16.0
748,16,335,6,4,10,34,544,16.0
749,16,869,6,4,8,6,90,15.0
750,16,350,6,4,8,17,255,15.0
751,16,406,6,4,7,5,80,16.0
752,16,570,6,4,7,7,105,15.0
753,16,533,6,4,6,6,72,12.0
754,16,613,6,4,6,23,345,15.0
755,16,576,6,4,5,5,75,15.0
756,16,14,6,4,5,7,105,15.0
757,16,558,6,4,5,8,120,15.0
758,16,706,6,4,4,4,60,15.0
759,16,380,6,4,4,6,96,16.0
760,16,73,6,4,4,8,128,16.0
761,16,887,6,4,3,13,195,15.0
762,16,290,6,4,2,3,45,15.0
763,16,880,6,4,1,5,75,15.0
764,16,965,6,4,1,4,52,13.0
765,16,575,6,4,0,1,16,16.0
766,17,686,6,4,45,81,810,10.0
767,17,79,6,4,14,21,126,6.0
768,17,931,6,4,13,20,300,15.0
769,17,308,6,4,11,11,220,20.0
770,17,246,6,4,9,13,260,20.0
771,17,472,6,4,8,8,56,7.0
772,17,420,6,4,7,6,108,18.0
773,17,961,6,4,6,0,0,0.0
774,17,752,6,4,3,16,160,10.0
775,17,274,6,4,2,3,36,12.0
776,17,16,6,4,0,4,60,15.0
777,17,245,6,4,0,15,120,8.0
778,18,196,6,4,120,13,176,13.5
779,18,316,6,4,50,40,400,10.0
780,18,826,6,4,30,37,463,12.5
781,18,989,6,4,21,15,105,7.0
782,18,20,6,4,15,7,91,13.0
783,18,47,6,4,10,0,0,0.0
784,18,675,6,4,10,16,48,3.0
785,18,707,6,4,10,35,420,12.0
786,18,790,6,4,7,5,50,10.0
787,19,761,6,4,28,25,575,23.0
788,19,114,6,4,4,0,0,0.0
789,19,754,6,4,4,3,60,20.0
790,19,354,6,4,2,2,7,3.5
791,19,446,6,4,0,10,255,25.5
792,20,15,6,4,85,79,7900,100.0
793,20,445,6,4,32,30,30,1.0
794,20,277,6,4,25,20,700,35.0
795,20,714,6,4,25,25,3500,140.0
796,20,435,6,4,15,0,0,0.0
797,20,206,6,4,15,14,126,9.0
798,20,286,6,4,15,11,1890,175.0
799,20,725,6,4,13,0,0,0.0
800,20,15,6,4,13,10,500,50.0
801,20,352,6,4,12,11,1320,120.0
802,20,385,6,4,10,0,0,0.0
803,20,755,6,4,10,7,630,90.0
804,20,725,6,4,10,10,1200,120.0
805,20,865,6,4,8,10,200,20.0
806,20,33,6,4,8,35,875,25.0
807,20,206,6,4,5,4,360,90.0
808,20,108,6,4,5,5,400,80.0
809,20,452,6,4,5,4,600,150.0
810,20,213,6,4,5,17,850,50.0
811,20,417,6,4,4,0,0,0.0
812,20,213,6,4,4,12,1440,120.0
813,20,285,6,4,3,0,0,0.0
814,20,767,6,4,3,0,0,0.0
815,20,781,6,4,3,3,18,7.0
816,20,287,6,4,3,2,180,90.0
817,20,476,6,4,3,3,300,100.0
818,20,352,6,4,2,0,0,0.0
819,20,556,6,4,2,0,0,0.0
820,20,619,6,4,2,2,30,15.0
821,20,167,6,4,2,2,289,170.0
822,20,412,6,4,2,3,105,35.0
823,20,798,6,4,1,0,0,0.0
824,20,84,6,4,1,0,18,120.0
825,20,421,6,4,0,0,4,35.0
826,20,972,6,4,0,3,45,15.0
827,20,770,6,4,0,1,50,50.0
828,20,781,6,4,0,5,200,40.0
829,20,532,6,4,0,30,1050,35.0
830,21,552,6,4,200,490,23520,48.0
831,21,1,6,4,100,100,2000,20.0
832,21,429,6,4,100,110,3300,30.0
833,21,259,6,4,80,49,1960,40.0
834,21,289,6,4,60,60,2100,35.0
835,21,216,6,4,40,30,900,30.0
836,21,878,6,4,38,40,1000,25.0
837,21,371,6,4,20,18,630,35.0
838,21,953,6,4,15,14,308,22.0
839,21,104,6,4,13,18,540,30.0
840,21,955,6,4,12,11,440,40.0
841,21,96,6,4,11,11,330,30.0
842,21,117,6,4,10,8,280,35.0
843,21,251,6,4,10,10,370,37.0
844,21,178,6,4,8,8,200,25.0
845,21,726,6,4,8,41,820,20.0
846,21,343,6,4,6,8,152,19.0
847,21,584,6,4,6,14,560,40.0
848,21,460,6,4,5,5,90,18.0
849,21,54,6,4,5,5,125,25.0
850,21,729,6,4,4,4,68,17.0
851,21,897,6,4,3,3,90,30.0
852,21,117,6,4,3,4,500,125.0
853,21,708,6,4,2,0,0,0.0
854,21,808,6,4,2,1,12,15.0
855,21,234,6,4,2,1,16,16.0
856,21,802,6,4,2,2,36,20.0
857,21,669,6,4,2,3,102,34.0
858,21,178,6,4,2,2,225,150.0
859,21,462,6,4,1,3,9,3.0
860,21,377,6,4,1,2,16,8.0
861,23,299,6,4,75,162,14580,90.0
862,23,199,6,4,25,0,0,0.0
863,23,61,6,4,23,18,360,20.0
864,23,219,6,4,8,0,0,0.0
865,23,665,6,4,7,10,280,28.0
866,23,665,6,4,5,1,17,28.3
867,23,61,6,4,3,0,0,0.0
868,23,126,6,4,3,0,0,0.0
869,23,334,6,4,2,0,0,0.0
870,23,126,6,4,2,15,1350,90.0
871,23,334,6,4,1,0,0,0.0
872,23,607,6,4,1,0,0,0.0
873,23,710,6,4,1,0,30,100.0
874,23,607,6,4,0,1,2,4.0
875,23,433,6,4,0,6,100,17.2
876,23,219,6,4,0,8,240,30.0
877,23,199,6,4,0,13,780,60.0
878,24,491,6,4,30,0,0,0.0
879,24,600,6,4,28,33,1139,35.0
880,24,792,6,4,11,10,450,45.0
881,24,363,6,4,8,7,175,25.0
882,24,805,6,4,8,10,600,60.0
883,24,600,6,4,6,8,351,45.0
884,24,411,6,4,3,2,44,22.0
885,24,249,6,4,3,2,210,140.0
886,26,587,6,4,145,95,2375,25.0
887,26,444,6,4,80,50,2000,40.0
888,26,844,6,4,78,86,3376,39.3
889,26,604,6,4,60,50,1750,35.0
890,26,340,6,4,58,16,400,25.0
891,26,764,6,4,50,50,100,2.0
892,26,241,6,4,50,50,1750,35.0
893,26,93,6,4,50,20,2000,100.0
894,26,141,6,4,35,30,1500,50.0
895,26,687,6,4,31,16,144,9.0
896,26,75,6,4,30,25,3000,120.0
897,26,461,6,4,25,7,133,19.0
898,26,161,6,4,25,17,289,17.0
899,26,212,6,4,24,10,200,20.0
900,26,292,6,4,22,21,630,30.0
901,26,465,6,4,20,2,60,30.0
902,26,853,6,4,20,7,175,25.0
903,26,736,6,4,20,20,240,12.0
904,26,493,6,4,19,18,504,28.0
905,26,829,6,4,19,25,1800,72.0
906,26,982,6,4,18,14,420,30.0
907,26,209,6,4,15,8,320,40.0
908,26,509,6,4,15,14,1050,75.0
909,26,742,6,4,13,8,160,20.0
910,26,103,6,4,13,9,270,30.0
911,26,718,6,4,12,0,0,0.0
912,26,172,6,4,12,8,200,25.0
913,26,900,6,4,10,9,261,29.0
914,26,936,6,4,10,12,360,30.0
915,26,579,6,4,10,14,430,30.7
916,26,553,6,4,10,5,500,100.0
917,26,345,6,4,8,0,0,0.0
918,26,820,6,4,8,8,165,22.0
919,26,942,6,4,8,10,200,20.0
920,26,306,6,4,6,7,154,22.0
921,26,740,6,4,5,0,0,0.0
922,26,632,6,4,5,1,40,40.0
923,26,182,6,4,5,5,100,20.0
924,26,551,6,4,5,5,125,25.0
925,26,557,6,4,4,0,3,10.0
926,26,330,6,4,4,2,24,12.0
927,26,49,6,4,4,3,48,16.0
928,26,215,6,4,4,3,75,25.0
929,26,373,6,4,3,0,0,0.0
930,26,508,6,4,3,0,0,0.0
931,26,325,6,4,3,2,26,16.0
932,26,304,6,4,3,5,100,20.0
933,26,304,6,4,3,0,0,0.0
934,26,176,6,4,2,1,40,40.0
935,26,272,6,4,1,0,0,0.0
936,26,368,6,4,1,3,90,30.0
937,26,942,6,4,1,1,120,120.0
938,26,357,6,4,1,1,14,14.0
939,26,368,6,4,1,1,35,35.0
940,26,948,6,4,0,0,0,0.0
941,26,948,6,4,0,0,1,25.0
942,26,577,6,4,0,2,50,25.0
943,26,130,6,4,0,3,75,25.0
944,26,401,6,4,0,2,80,40.0
945,26,740,6,4,0,5,125,25.0
946,26,778,6,4,0,7,210,30.0
947,28,382,6,4,320,115,2266,19.7
948,28,122,6,4,70,65,1300,20.0
949,28,43,6,4,16,6,21,3.5
950,28,171,6,4,15,20,400,20.0
951,28,963,6,4,13,13,143,11.0
952,28,937,6,4,9,0,0,0.0
953,28,616,6,4,7,0,0,0.0
954,28,963,6,4,5,0,0,0.0
955,28,959,6,4,4,0,0,0.0
956,28,488,6,4,4,7,210,30.0
957,28,24,6,4,3,3,4,1.4
958,28,721,6,4,0,13,20,1.5
959,28,383,6,4,0,9,63,7.0
960,28,297,6,4,0,14,112,8.0
961,29,270,6,4,104,51,1275,25.0
962,29,677,6,4,85,65,650,10.0
963,29,413,6,4,83,84,1588,18.9
964,29,131,6,4,40,45,900,20.0
965,29,910,6,4,40,52,1144,22.0
966,29,17,6,4,32,55,2200,40.0
967,29,769,6,4,30,25,375,15.0
968,29,952,6,4,30,40,1400,35.0
969,29,979,6,4,28,50,1500,30.0
970,29,347,6,4,27,26,520,20.0
971,29,58,6,4,26,7,84,12.0
972,29,99,6,4,25,25,700,28.0
973,29,110,6,4,24,24,528,22.0
974,29,244,6,4,23,23,322,14.0
975,29,305,6,4,23,18,630,35.0
976,29,692,6,4,15,15,225,15.0
977,29,138,6,4,15,12,240,20.0
978,29,120,6,4,12,26,390,15.0
979,29,109,6,4,11,11,990,90.0
980,29,813,6,4,10,0,0,0.0
981,29,625,6,4,10,10,200,20.0
982,29,129,6,4,8,8,320,40.0
983,29,435,6,4,6,5,100,20.0
984,29,904,6,4,6,5,100,20.0
985,29,947,6,4,6,6,216,36.0
986,29,924,6,4,6,9,170,20.0
987,29,907,6,4,5,9,405,45.0
988,29,129,6,4,4,6,270,45.0
989,29,41,6,4,4,0,0,0.0
990,29,980,6,4,3,3,120,40.0
991,29,580,6,4,3,0,0,0.0
992,29,685,6,4,3,4,80,20.0
993,29,907,6,4,3,5,125,25.0
994,29,980,6,4,3,2,33,20.0
995,29,395,6,4,2,3,45,15.0
996,29,41,6,4,2,4,70,20.0
997,29,685,6,4,2,2,110,55.0
998,29,336,6,4,2,7,140,20.0
999,29,550,6,4,2,5,150,30.0
1000,29,439,6,4,0,1,27,27.0
1001,29,155,6,4,0,2,30,15.0
1002,29,947,6,4,0,1,70,70.0
1003,29,263,6,4,0,7,210,30.0
1004,29,813,6,4,0,10,400,40.0
1005,29,256,6,4,0,8,480,60.0
1006,29,580,6,4,0,74,2294,31.0
1007,1,602,6,5,260,250,30000,120.0
1008,1,486,6,5,192,188,15980,85.0
1009,1,210,6,5,100,80,1600,20.0
1010,1,359,6,5,80,80,8800,110.0
1011,1,777,6,5,52,50,5500,110.0
1012,1,494,6,5,46,40,4640,116.0
1013,1,805,6,5,23,23,2530,110.0
1014,1,836,6,5,23,27,3240,120.0
1015,1,75,6,5,20,25,1500,60.0
1016,1,930,6,5,20,55,6600,120.0
1017,1,410,6,5,18,20,2400,120.0
1018,1,678,6,5,17,9,1068,120.0
1019,1,149,6,5,15,11,880,80.0
1020,1,91,6,5,15,13,910,70.0
1021,1,398,6,5,15,15,1275,85.0
1022,1,451,6,5,12,10,75,7.5
1023,1,312,6,5,10,10,1500,150.0
1024,1,29,6,5,7,5,117,26.0
1025,1,930,6,5,6,6,48,8.0
1026,1,133,6,5,6,6,600,100.0
1027,1,339,6,5,6,5,750,150.0
1028,1,133,6,5,5,4,40,10.0
1029,1,929,6,5,5,5,60,12.0
1030,1,35,6,5,5,5,90,18.0
1031,1,243,6,5,5,5,100,20.0
1032,1,119,6,5,5,7,105,15.0
1033,1,392,6,5,5,3,120,40.0
1034,1,252,6,5,5,5,150,30.0
1035,1,975,6,5,5,16,336,21.0
1036,1,360,6,5,5,5,950,190.0
1037,1,396,6,5,5,6,1140,190.0
1038,1,783,6,5,4,5,60,12.0
1039,1,87,6,5,4,5,77,16.0
1040,1,344,6,5,4,4,210,60.0
1041,1,35,6,5,4,4,600,150.0
1042,1,58,6,5,4,4,640,160.0
1043,1,793,6,5,3,2,308,140.0
1044,1,630,6,5,3,3,66,22.0
1045,1,248,6,5,3,3,330,110.0
1046,1,396,6,5,3,6,354,59.0
1047,1,293,6,5,3,3,600,240.0
1048,1,864,6,5,2,0,0,0.0
1049,1,941,6,5,2,2,32,16.0
1050,1,892,6,5,2,4,68,17.0
1051,1,376,6,5,2,3,75,25.0
1052,1,337,6,5,2,1,63,90.0
1053,1,769,6,5,1,1,102,93.0
1054,1,314,6,5,1,1,146,133.0
1055,1,416,6,5,1,1,5,5.0
1056,1,252,6,5,1,1,70,70.0
1057,1,209,6,5,1,1,100,100.0
1058,1,350,6,5,1,1,36,30.0
1059,1,152,6,5,1,1,84,140.0
1060,1,718,6,5,1,1,55,110.0
1061,1,532,6,5,1,1,100,100.0
1062,1,392,6,5,0,0,0,0.0
1063,1,799,6,5,0,0,15,150.0
1064,1,897,6,5,0,0,0,0.0
1065,1,892,6,5,0,0,9,90.0
1066,1,516,6,5,0,1,15,15.0
1067,1,337,6,5,0,1,22,22.0
1068,1,771,6,5,0,13,130,10.0
1069,3,676,6,5,30,0,0,0.0
1070,3,611,6,5,7,0,0,0.0
1071,3,804,6,5,5,0,0,0.0
1072,3,475,6,5,1,0,0,0.0
1073,3,698,6,5,0,4,80,20.0
1074,5,704,6,5,54,56,3304,59.0
1075,5,797,6,5,45,45,4500,100.0
1076,5,704,6,5,40,33,4620,140.0
1077,5,565,6,5,32,20,2000,100.0
1078,5,95,6,5,30,3,180,60.0
1079,5,332,6,5,26,24,840,35.0
1080,5,541,6,5,25,22,352,16.0
1081,5,671,6,5,25,25,750,30.0
1082,5,226,6,5,20,25,1250,50.0
1083,5,954,6,5,20,70,3150,45.0
1084,5,856,6,5,20,90,4950,55.0
1085,5,514,6,5,18,17,510,30.0
1086,5,271,6,5,15,15,180,12.0
1087,5,877,6,5,15,10,250,25.0
1088,5,367,6,5,15,21,1155,55.0
1089,5,883,6,5,14,10,248,23.8
1090,5,889,6,5,14,18,1620,90.0
1091,5,877,6,5,14,17,1700,100.0
1092,5,95,6,5,10,10,300,30.0
1093,5,763,6,5,10,10,450,45.0
1094,5,300,6,5,8,0,0,0.0
1095,5,409,6,5,8,9,252,28.0
1096,5,503,6,5,8,8,1050,140.0
1097,5,857,6,5,8,8,1176,140.0
1098,5,890,6,5,7,0,0,0.0
1099,5,810,6,5,7,7,196,28.0
1100,5,409,6,5,7,11,1320,120.0
1101,5,918,6,5,6,5,325,65.0
1102,5,586,6,5,5,7,280,40.0
1103,5,712,6,5,4,3,60,20.0
1104,5,694,6,5,4,4,160,40.0
1105,5,986,6,5,4,4,492,123.0
1106,5,835,6,5,3,3,95,35.0
1107,5,23,6,5,3,2,102,68.0
1108,5,90,6,5,3,2,160,80.0
1109,5,569,6,5,3,0,0,0.0
1110,5,398,6,5,3,2,16,8.0
1111,5,732,6,5,2,2,127,70.3
1112,5,439,6,5,1,1,20,20.0
1113,5,831,6,5,1,1,35,35.0
1114,5,592,6,5,0,1,40,40.0
1115,5,828,6,5,0,2,40,20.0
1116,5,362,6,5,0,4,240,60.0
1117,5,362,6,5,0,7,315,45.0
1118,5,464,6,5,0,8,320,40.0
1119,5,106,6,5,0,10,350,35.0
1120,6,480,6,5,115,90,2349,26.1
1121,6,180,6,5,70,70,1750,25.0
1122,6,11,6,5,20,20,520,26.0
1123,6,950,6,5,15,13,241,18.5
1124,6,48,6,5,15,30,900,30.0
1125,6,40,6,5,14,12,204,17.0
1126,6,40,6,5,13,10,320,32.0
1127,6,713,6,5,12,20,400,20.0
1128,6,960,6,5,11,10,1320,132.0
1129,6,852,6,5,10,9,45,5.0
1130,6,576,6,5,8,10,200,20.0
1131,6,537,6,5,7,7,84,12.0
1132,6,482,6,5,7,5,550,110.0
1133,6,707,6,5,5,4,112,28.0
1134,6,970,6,5,5,5,350,70.0
1135,6,688,6,5,3,3,45,15.0
1136,6,48,6,5,2,1,50,50.0
1137,6,489,6,5,1,1,2,2.0
1138,6,689,6,5,1,1,25,25.0
1139,6,598,6,5,0,0,12,48.0
1140,6,489,6,5,0,1,2,2.0
1141,6,423,6,5,0,3,36,12.0
1142,6,83,6,5,0,6,204,37.0
1143,7,240,6,5,2,1,21,30.0
1144,7,779,6,5,0,8,800,100.0
1145,8,699,6,5,1,1,36,40.0
1146,8,862,6,5,0,4,20,5.0
1147,9,99,6,5,145,140,16660,119.0
1148,9,888,6,5,114,65,1112,17.1
1149,9,432,6,5,40,10,1400,140.0
1150,9,500,6,5,16,15,150,10.0
1151,9,504,6,5,12,8,205,25.0
1152,9,775,6,5,8,7,70,10.0
1153,9,287,6,5,8,6,300,50.0
1154,9,849,6,5,6,4,12,3.0
1155,9,302,6,5,4,0,0,0.0
1156,9,71,6,5,4,4,40,10.0
1157,9,606,6,5,4,4,320,80.0
1158,9,791,6,5,4,2,24,12.0
1159,9,348,6,5,3,3,12,4.0
1160,9,107,6,5,3,2,3,1.5
1161,9,128,6,5,2,2,248,124.0
1162,9,123,6,5,2,2,6,3.9
1163,9,695,6,5,2,1,75,75.0
1164,9,846,6,5,1,0,0,0.0
1165,9,775,6,5,1,1,1,1.0
1166,9,903,6,5,1,1,11,21.0
1167,9,956,6,5,1,1,10,10.0
1168,9,903,6,5,1,1,25,25.0
1169,9,455,6,5,1,1,4,5.0
1170,9,622,6,5,0,0,3,10.0
1171,9,394,6,5,0,3,4,1.3
1172,9,302,6,5,0,3,6,2.0
1173,9,846,6,5,0,1,60,60.0
1174,9,220,6,5,0,10,200,20.0
1175,9,128,6,5,0,3,420,140.0
1176,10,426,6,5,90,96,1152,12.0
1177,10,628,6,5,83,5,35,7.0
1178,10,680,6,5,40,38,570,15.0
1179,10,13,6,5,37,80,960,12.0
1180,10,419,6,5,22,23,276,12.0
1181,10,939,6,5,15,12,180,15.0
1182,10,342,6,5,15,15,270,18.0
1183,10,478,6,5,6,6,60,10.0
1184,10,861,6,5,0,85,935,11.0
1185,11,150,6,5,3,3,42,14.0
1186,12,772,6,5,1,1,18,18.0
1187,13,307,6,5,117,91,9376,103.0
1188,13,320,6,5,110,118,1888,16.0
1189,13,142,6,5,110,100,8000,80.0
1190,13,142,6,5,100,65,1625,25.0
1191,13,876,6,5,53,53,4830,91.1
1192,13,922,6,5,42,48,1440,30.0
1193,13,663,6,5,39,41,1499,37.0
1194,13,52,6,5,34,30,240,8.0
1195,13,351,6,5,25,30,390,13.0
1196,13,481,6,5,21,20,491,24.6
1197,13,854,6,5,18,0,0,0.0
1198,13,319,6,5,18,9,270,30.0
1199,13,566,6,5,18,16,1120,70.0
1200,13,809,6,5,16,12,180,15.0
1201,13,38,6,5,15,12,118,9.8
1202,13,657,6,5,12,7,70,10.0
1203,13,116,6,5,11,11,176,16.0
1204,13,966,6,5,9,8,74,8.9
1205,13,193,6,5,9,9,1020,120.0
1206,13,424,6,5,8,10,120,12.0
1207,13,320,6,5,8,9,810,90.0
1208,13,987,6,5,7,5,90,18.0
1209,13,725,6,5,5,5,80,16.0
1210,13,944,6,5,5,6,90,15.0
1211,13,881,6,5,5,6,90,15.0
1212,13,722,6,5,5,5,125,25.0
1213,13,921,6,5,3,0,0,0.0
1214,13,949,6,5,3,3,45,15.0
1215,13,750,6,5,3,3,48,16.0
1216,13,310,6,5,2,3,378,126.0
1217,13,971,6,5,2,2,13,6.0
1218,13,895,6,5,1,0,0,0.0
1219,13,851,6,5,1,1,9,10.0
1220,13,438,6,5,1,2,32,16.0
1221,13,725,6,5,1,1,40,40.0
1222,13,344,6,5,1,1,50,50.0
1223,13,850,6,5,1,1,80,80.0
1224,13,921,6,5,1,2,83,41.5
1225,13,399,6,5,1,4,17,4.9
1226,13,735,6,5,1,1,10,19.0
1227,13,902,6,5,1,1,40,79.0
1228,13,895,6,5,0,1,12,12.0
1229,13,495,6,5,0,2,15,10.0
1230,13,425,6,5,0,2,20,10.0
1231,13,884,6,5,0,5,50,10.0
1232,13,349,6,5,0,1,101,91.4
1233,13,854,6,5,0,18,900,50.0
1234,13,729,6,5,0,36,2201,62.0
1235,16,614,6,5,131,139,2224,16.0
1236,16,873,6,5,55,45,675,15.0
1237,16,5,6,5,55,78,1404,18.0
1238,16,21,6,5,40,38,570,15.0
1239,16,333,6,5,35,22,330,15.0
1240,16,428,6,5,30,33,528,16.0
1241,16,135,6,5,27,23,345,15.0
1242,16,716,6,5,24,24,353,15.0
1243,16,390,6,5,23,27,408,15.0
1244,16,558,6,5,15,4,60,15.0
1245,16,847,6,5,15,13,195,15.0
1246,16,538,6,5,15,15,225,15.0
1247,16,205,6,5,13,20,320,16.0
1248,16,389,6,5,12,19,246,13.0
1249,16,789,6,5,11,11,154,14.0
1250,16,690,6,5,10,8,80,10.0
1251,16,350,6,5,10,7,84,12.0
1252,16,613,6,5,10,6,90,15.0
1253,16,869,6,5,10,8,120,15.0
1254,16,335,6,5,10,10,150,15.0
1255,16,879,6,5,10,10,150,15.0
1256,16,570,6,5,8,7,105,15.0
1257,16,406,6,5,8,7,112,16.0
1258,16,7,6,5,8,10,150,15.0
1259,16,533,6,5,6,4,40,10.0
1260,16,380,6,5,6,4,60,15.0
1261,16,576,6,5,5,5,75,15.0
1262,16,14,6,5,4,5,80,16.0
1263,16,25,6,5,4,13,195,15.0
1264,16,73,6,5,3,3,45,15.0
1265,16,887,6,5,3,3,60,20.0
1266,16,706,6,5,3,4,72,18.0
1267,16,880,6,5,2,1,15,15.0
1268,16,290,6,5,2,2,24,12.0
1269,16,965,6,5,0,1,13,25.0
1270,17,686,6,5,65,38,418,11.0
1271,17,79,6,5,37,9,81,9.0
1272,17,752,6,5,24,3,36,12.0
1273,17,308,6,5,20,8,120,15.0
1274,17,420,6,5,11,6,108,18.0
1275,17,472,6,5,8,7,49,7.0
1276,17,246,6,5,8,8,120,15.0
1277,17,961,6,5,6,6,60,10.0
1278,17,16,6,5,5,0,0,0.0
1279,17,274,6,5,0,2,24,12.0
1280,17,931,6,5,0,12,180,15.0
1281,18,196,6,5,140,80,640,8.0
1282,18,316,6,5,80,20,300,15.0
1283,18,826,6,5,42,24,300,12.5
1284,18,675,6,5,20,5,75,15.0
1285,18,790,6,5,20,7,105,15.0
1286,18,20,6,5,20,12,180,15.0
1287,18,707,6,5,14,7,35,5.0
1288,18,47,6,5,0,10,140,14.0
1289,18,989,6,5,0,15,225,15.0
1290,19,761,6,5,25,28,644,23.0
1291,19,754,6,5,5,4,80,20.0
1292,19,354,6,5,2,2,4,2.0
1293,19,114,6,5,0,4,24,6.0
1294,20,15,6,5,85,85,7650,90.0
1295,20,714,6,5,30,25,3500,140.0
1296,20,277,6,5,20,25,875,35.0
1297,20,206,6,5,17,14,126,9.0
1298,20,725,6,5,15,13,16,1.2
1299,20,435,6,5,15,14,1260,90.0
1300,20,286,6,5,15,15,1480,100.0
1301,20,15,6,5,14,13,650,50.0
1302,20,352,6,5,13,12,1093,95.0
1303,20,865,6,5,10,7,490,70.0
1304,20,725,6,5,10,10,1200,120.0
1305,20,33,6,5,8,8,120,15.0
1306,20,385,6,5,8,10,320,32.0
1307,20,206,6,5,6,5,175,35.0
1308,20,781,6,5,5,0,0,0.0
1309,20,213,6,5,5,4,148,37.0
1310,20,755,6,5,5,8,240,30.0
1311,20,108,6,5,5,5,450,90.0
1312,20,452,6,5,5,5,500,100.0
1313,20,213,6,5,4,3,297,90.0
1314,20,781,6,5,3,3,18,7.0
1315,20,445,6,5,3,32,112,3.5
1316,20,476,6,5,3,3,210,70.0
1317,20,285,6,5,3,3,225,90.0
1318,20,287,6,5,3,3,270,90.0
1319,20,417,6,5,3,2,160,80.0
1320,20,167,6,5,2,2,340,170.0
1321,20,412,6,5,2,1,140,100.0
1322,20,84,6,5,1,1,100,100.0
1323,20,798,6,5,1,1,120,120.0
1324,20,556,6,5,0,2,2,1.0
1325,20,421,6,5,0,0,6,30.0
1326,20,619,6,5,0,2,30,15.0
1327,20,352,6,5,0,2,60,30.0
1328,20,767,6,5,0,3,243,90.0
1329,21,552,6,5,490,200,8000,40.0
1330,21,429,6,5,100,100,2800,28.0
1331,21,1,6,5,100,100,4000,40.0
1332,21,289,6,5,60,60,2100,35.0
1333,21,259,6,5,50,79,3476,44.0
1334,21,216,6,5,40,40,1400,35.0
1335,21,878,6,5,38,38,874,23.0
1336,21,953,6,5,28,15,375,25.0
1337,21,371,6,5,20,18,738,41.0
1338,21,104,6,5,19,13,234,18.0
1339,21,584,6,5,14,6,210,35.0
1340,21,460,6,5,12,5,90,18.0
1341,21,117,6,5,12,10,350,35.0
1342,21,96,6,5,11,11,330,30.0
1343,21,251,6,5,11,9,333,37.0
1344,21,955,6,5,11,12,498,41.5
1345,21,178,6,5,10,8,200,25.0
1346,21,726,6,5,8,8,224,28.0
1347,21,343,6,5,6,6,138,23.0
1348,21,729,6,5,5,4,120,30.0
1349,21,669,6,5,4,2,68,34.0
1350,21,54,6,5,4,5,150,30.0
1351,21,897,6,5,3,3,105,35.0
1352,21,377,6,5,2,1,8,8.0
1353,21,808,6,5,2,2,27,15.0
1354,21,462,6,5,1,1,33,33.0
1355,21,802,6,5,1,2,32,18.0
1356,21,234,6,5,1,2,50,25.0
1357,21,708,6,5,1,2,50,25.0
1358,21,178,6,5,0,2,225,150.0
1359,21,117,6,5,0,3,375,125.0
1360,23,299,6,5,87,75,8400,112.0
1361,23,199,6,5,21,25,1750,70.0
1362,23,61,6,5,16,23,575,25.0
1363,23,665,6,5,9,7,69,10.0
1364,23,219,6,5,8,8,251,31.0
1365,23,61,6,5,5,3,120,40.0
1366,23,126,6,5,5,3,20,8.0
1367,23,665,6,5,4,5,196,40.0
1368,23,126,6,5,3,2,16,8.0
1369,23,334,6,5,1,1,10,10.0
1370,23,334,6,5,1,1,10,10.0
1371,23,710,6,5,1,1,50,100.0
1372,23,607,6,5,1,1,3,3.8
1373,24,491,6,5,30,30,2880,96.0
1374,24,600,6,5,28,28,987,35.0
1375,24,792,6,5,11,11,525,50.0
1376,24,363,6,5,6,8,200,25.0
1377,24,600,6,5,6,6,261,45.0
1378,24,805,6,5,5,8,240,30.0
1379,24,411,6,5,3,3,66,22.0
1380,24,249,6,5,2,3,180,60.0
1381,26,687,6,5,116,31,580,19.0
1382,26,444,6,5,80,50,2000,40.0
1383,26,844,6,5,78,78,3120,40.0
1384,26,141,6,5,60,35,1750,50.0
1385,26,93,6,5,50,30,600,20.0
1386,26,764,6,5,50,50,1000,20.0
1387,26,241,6,5,50,50,2000,40.0
1388,26,604,6,5,50,60,2100,35.0
1389,26,587,6,5,35,138,3671,26.6
1390,26,75,6,5,30,25,1450,58.0
1391,26,465,6,5,25,20,1000,50.0
1392,26,292,6,5,23,21,567,27.0
1393,26,161,6,5,22,17,289,17.0
1394,26,736,6,5,20,20,240,12.0
1395,26,853,6,5,20,15,375,25.0
1396,26,493,6,5,20,16,400,25.0
1397,26,461,6,5,20,22,418,19.0
1398,26,982,6,5,18,15,450,30.0
1399,26,829,6,5,18,19,665,35.0
1400,26,340,6,5,16,54,1350,25.0
1401,26,509,6,5,15,15,1125,75.0
1402,26,742,6,5,13,12,253,20.4
1403,26,103,6,5,13,13,279,22.0
1404,26,209,6,5,12,10,400,40.0
1405,26,212,6,5,12,24,480,20.0
1406,26,900,6,5,10,8,240,30.0
1407,26,936,6,5,10,8,240,30.0
1408,26,172,6,5,10,12,300,25.0
1409,26,820,6,5,8,7,154,22.0
1410,26,718,6,5,8,10,260,26.0
1411,26,306,6,5,6,6,132,22.0
1412,26,553,6,5,6,5,500,100.0
1413,26,182,6,5,5,5,100,20.0
1414,26,551,6,5,5,5,125,25.0
1415,26,942,6,5,5,8,160,20.0
1416,26,345,6,5,5,6,180,30.0
1417,26,579,6,5,5,10,320,32.0
1418,26,740,6,5,5,5,480,100.0
1419,26,215,6,5,4,4,12,3.0
1420,26,304,6,5,4,3,60,20.0
1421,26,130,6,5,3,0,0,0.0
1422,26,49,6,5,3,4,72,18.0
1423,26,304,6,5,3,3,75,30.0
1424,26,632,6,5,3,4,80,20.0
1425,26,508,6,5,3,3,225,75.0
1426,26,577,6,5,2,0,0,0.0
1427,26,176,6,5,2,2,18,8.0
1428,26,325,6,5,2,3,43,17.0
1429,26,330,6,5,2,4,48,12.0
1430,26,368,6,5,1,1,20,20.0
1431,26,942,6,5,1,1,120,120.0
1432,26,368,6,5,1,1,50,100.0
1433,26,557,6,5,1,4,175,50.0
1434,26,357,6,5,0,0,0,0.0
1435,26,948,6,5,0,0,1,20.0
1436,26,357,6,5,0,1,15,30.0
1437,26,373,6,5,0,3,60,20.0
1438,26,272,6,5,0,1,140,140.0
1439,28,382,6,5,320,320,6400,20.0
1440,28,122,6,5,65,70,1400,20.0
1441,28,937,6,5,39,9,105,12.3
1442,28,721,6,5,20,0,0,0.0
1443,28,171,6,5,20,15,38,2.5
1444,28,963,6,5,13,13,182,14.0
1445,28,43,6,5,12,9,122,13.5
1446,28,488,6,5,10,4,100,25.0
1447,28,24,6,5,3,2,1,0.7
1448,28,959,6,5,0,4,52,13.0
1449,28,616,6,5,0,5,141,28.1
1450,28,963,6,5,0,5,203,45.0
1451,29,270,6,5,104,104,2600,25.0
1452,29,413,6,5,85,80,1512,18.9
1453,29,677,6,5,63,85,1700,20.0
1454,29,17,6,5,52,32,1119,35.2
1455,29,910,6,5,45,40,480,12.0
1456,29,131,6,5,40,40,800,20.0
1457,29,769,6,5,35,30,450,15.0
1458,29,952,6,5,30,30,1140,38.0
1459,29,347,6,5,27,27,540,20.0
1460,29,979,6,5,25,28,840,30.0
1461,29,305,6,5,23,22,800,36.4
1462,29,99,6,5,20,23,644,28.0
1463,29,110,6,5,18,24,528,22.0
1464,29,244,6,5,16,23,322,14.0
1465,29,138,6,5,16,15,247,17.0
1466,29,692,6,5,15,15,225,15.0
1467,29,244,6,5,14,0,0,0.0
1468,29,109,6,5,12,11,495,45.0
1469,29,41,6,5,11,2,68,34.0
1470,29,813,6,5,10,5,225,45.0
1471,29,904,6,5,8,6,143,25.0
1472,29,120,6,5,8,12,264,22.0
1473,29,263,6,5,7,0,0,0.0
1474,29,58,6,5,7,26,312,12.0
1475,29,435,6,5,6,5,90,20.0
1476,29,129,6,5,6,8,200,25.0
1477,29,947,6,5,6,6,210,35.0
1478,29,550,6,5,5,1,23,23.0
1479,29,907,6,5,5,3,75,25.0
1480,29,685,6,5,4,3,60,20.0
1481,29,129,6,5,4,4,120,30.0
1482,29,580,6,5,4,3,56,18.5
1483,29,41,6,5,4,4,158,45.0
1484,29,907,6,5,4,5,190,38.0
1485,29,980,6,5,3,3,49,18.1
1486,29,980,6,5,3,3,123,40.0
1487,29,924,6,5,3,4,121,31.9
1488,29,336,6,5,2,2,38,25.0
1489,29,685,6,5,2,2,110,55.0
1490,29,395,6,5,1,2,30,15.0
1491,29,625,6,5,0,10,200,20.0
1492,0,449,6,6,1,3,3,1.0
1493,0,648,6,6,0,3,3,1.0
1494,1,602,6,6,190,168,20160,120.0
1495,1,486,6,6,188,0,0,0.0
1496,1,210,6,6,100,30,450,15.0
1497,1,930,6,6,80,77,9240,120.0
1498,1,602,6,6,70,27,2106,78.0
1499,1,359,6,6,70,30,3300,110.0
1500,1,494,6,6,46,40,4640,116.0
1501,1,777,6,6,45,26,2704,104.0
1502,1,75,6,6,28,18,1080,60.0
1503,1,836,6,6,28,18,2160,120.0
1504,1,805,6,6,23,2,300,150.0
1505,1,410,6,6,16,0,0,0.0
1506,1,149,6,6,15,0,0,0.0
1507,1,91,6,6,15,5,50,10.0
1508,1,398,6,6,15,1,90,90.0
1509,1,975,6,6,14,4,84,21.0
1510,1,678,6,6,13,9,1056,120.0
1511,1,451,6,6,12,8,60,7.5
1512,1,783,6,6,10,3,45,18.0
1513,1,312,6,6,8,2,260,130.0
1514,1,29,6,6,7,9,226,26.0
1515,1,58,6,6,6,1,28,28.0
1516,1,344,6,6,6,7,390,60.0
1517,1,930,6,6,6,5,40,8.0
1518,1,119,6,6,5,1,12,20.0
1519,1,35,6,6,5,0,0,0.0
1520,1,252,6,6,5,0,0,0.0
1521,1,339,6,6,5,0,0,0.0
1522,1,516,6,6,5,0,0,0.0
1523,1,133,6,6,5,7,70,10.0
1524,1,243,6,6,5,5,125,25.0
1525,1,892,6,6,5,4,56,16.0
1526,1,35,6,6,4,0,0,0.0
1527,1,87,6,6,4,5,77,16.0
1528,1,396,6,6,4,9,531,59.0
1529,1,396,6,6,4,4,760,190.0
1530,1,133,6,6,3,0,0,0.0
1531,1,718,6,6,3,0,0,0.0
1532,1,360,6,6,3,2,420,210.0
1533,1,293,6,6,3,5,600,120.0
1534,1,294,6,6,3,0,0,0.0
1535,1,941,6,6,2,2,16,8.0
1536,1,376,6,6,2,1,28,28.0
1537,1,929,6,6,2,12,240,20.0
1538,1,337,6,6,2,0,0,0.0
1539,1,793,6,6,1,2,240,120.0
1540,1,630,6,6,1,0,0,0.0
1541,1,314,6,6,1,0,0,0.0
1542,1,252,6,6,1,0,0,0.0
1543,1,337,6,6,1,0,0,0.0
1544,1,416,6,6,1,1,5,5.0
1545,1,532,6,6,1,0,16,40.0
1546,1,769,6,6,1,1,67,95.0
1547,1,248,6,6,1,3,420,140.0
1548,1,799,6,6,1,0,0,0.0
1549,1,350,6,6,1,0,0,0.0
1550,1,718,6,6,1,0,12,120.0
1551,1,209,6,6,0,0,0,0.0
1552,1,892,6,6,0,0,29,95.0
1553,1,392,6,6,0,0,33,110.0
1554,1,350,6,6,0,2,17,9.3
1555,1,799,6,6,0,1,30,60.0
1556,1,360,6,6,0,1,35,35.1
1557,1,630,6,6,0,1,72,120.0
1558,1,152,6,6,0,1,115,115.0
1559,1,392,6,6,0,6,244,40.0
1560,1,864,6,6,0,6,720,120.0
1561,1,410,6,6,0,12,1080,90.0
1562,1,486,6,6,0,180,7200,40.0
1563,3,698,6,6,4,0,0,0.0
1564,3,676,6,6,0,5,75,15.0
1565,4,153,6,6,2,0,0,0.0
1566,5,856,6,6,80,50,2250,45.0
1567,5,954,6,6,55,9,251,26.7
1568,5,704,6,6,50,108,6588,61.0
1569,5,362,6,6,48,0,0,0.0
1570,5,797,6,6,40,10,1000,100.0
1571,5,704,6,6,32,32,3680,115.0
1572,5,226,6,6,30,9,77,8.5
1573,5,889,6,6,30,4,152,38.0
1574,5,332,6,6,28,9,630,70.0
1575,5,541,6,6,25,1,23,44.0
1576,5,362,6,6,24,7,350,50.0
1577,5,367,6,6,20,22,1100,50.0
1578,5,565,6,6,20,17,1105,65.0
1579,5,514,6,6,18,0,0,0.0
1580,5,877,6,6,18,14,1668,120.0
1581,5,271,6,6,15,0,0,0.0
1582,5,883,6,6,14,0,0,0.0
1583,5,503,6,6,12,15,1200,80.0
1584,5,464,6,6,10,0,0,0.0
1585,5,763,6,6,10,10,200,20.0
1586,5,106,6,6,10,7,525,75.0
1587,5,300,6,6,8,8,80,10.0
1588,5,586,6,6,8,9,360,40.0
1589,5,409,6,6,8,10,1176,120.0
1590,5,95,6,6,7,3,90,30.0
1591,5,409,6,6,7,8,218,28.0
1592,5,857,6,6,7,13,1500,120.0
1593,5,918,6,6,5,0,0,0.0
1594,5,890,6,6,5,7,210,30.0
1595,5,592,6,6,5,0,0,0.0
1596,5,986,6,6,4,0,0,0.0
1597,5,694,6,6,4,8,64,8.0
1598,5,712,6,6,4,5,80,16.0
1599,5,810,6,6,4,5,125,25.0
1600,5,671,6,6,4,22,528,24.0
1601,5,398,6,6,3,0,0,0.0
1602,5,442,6,6,3,0,0,0.0
1603,5,835,6,6,3,3,98,35.0
1604,5,95,6,6,3,5,450,90.0
1605,5,23,6,6,2,0,0,0.0
1606,5,828,6,6,2,0,0,0.0
1607,5,732,6,6,2,2,134,74.6
1608,5,593,6,6,1,0,0,0.0
1609,5,23,6,6,0,1,6,5.5
1610,5,439,6,6,0,1,16,20.0
1611,5,186,6,6,0,2,60,30.0
1612,5,827,6,6,0,5,140,28.0
1613,5,877,6,6,0,15,406,28.0
1614,5,90,6,6,0,4,420,100.0
1615,5,889,6,6,0,6,480,80.0
1616,5,954,6,6,0,45,4450,100.0
1617,6,480,6,6,100,135,3537,26.2
1618,6,180,6,6,70,55,1375,25.0
1619,6,48,6,6,60,60,1800,30.0
1620,6,11,6,6,22,0,0,0.0
1621,6,713,6,6,20,10,250,25.0
1622,6,40,6,6,20,31,659,21.3
1623,6,576,6,6,17,12,276,23.0
1624,6,40,6,6,15,0,0,0.0
1625,6,83,6,6,12,0,0,0.0
1626,6,950,6,6,9,5,90,18.0
1627,6,852,6,6,7,2,116,58.0
1628,6,537,6,6,7,5,110,22.0
1629,6,482,6,6,7,2,120,60.0
1630,6,960,6,6,7,8,920,115.0
1631,6,423,6,6,6,6,72,12.0
1632,6,707,6,6,5,4,100,25.0
1633,6,688,6,6,4,0,0,0.0
1634,6,48,6,6,3,4,333,95.0
1635,6,489,6,6,2,0,0,0.0
1636,6,489,6,6,0,2,24,16.0
1637,6,688,6,6,0,2,116,58.0
1638,6,423,6,6,0,3,146,52.0
1639,6,689,6,6,0,4,160,40.0
1640,6,490,6,6,0,9,198,22.0
1641,6,598,6,6,0,10,400,40.0
1642,6,11,6,6,0,17,430,25.3
1643,7,779,6,6,9,0,0,0.0
1644,8,862,6,6,2,1,18,18.0
1645,8,699,6,6,1,0,0,0.0
1646,8,170,6,6,0,1,40,40.0
1647,8,521,6,6,0,2,80,40.0
1648,9,888,6,6,64,0,0,0.0
1649,9,500,6,6,16,24,192,8.0
1650,9,504,6,6,12,11,285,25.0
1651,9,903,6,6,10,12,240,20.0
1652,9,432,6,6,10,3,278,111.0
1653,9,903,6,6,8,6,150,25.0
1654,9,287,6,6,8,7,350,50.0
1655,9,22,6,6,7,6,24,4.0
1656,9,849,6,6,7,7,282,41.5
1657,9,606,6,6,6,0,0,0.0
1658,9,302,6,6,4,0,0,0.0
1659,9,128,6,6,4,2,154,77.0
1660,9,791,6,6,4,2,3,1.5
1661,9,71,6,6,3,3,30,10.0
1662,9,107,6,6,3,1,1,1.0
1663,9,58,6,6,2,0,0,0.0
1664,9,348,6,6,2,3,12,4.0
1665,9,128,6,6,2,1,100,100.0
1666,9,695,6,6,2,0,0,0.0
1667,9,123,6,6,1,0,0,0.0
1668,9,956,6,6,1,0,0,0.0
1669,9,846,6,6,1,10,82,8.2
1670,9,455,6,6,1,0,0,0.0
1671,9,394,6,6,1,0,0,0.0
1672,9,99,6,6,0,0,0,0.0
1673,9,123,6,6,0,1,2,2.0
1674,9,302,6,6,0,2,4,2.0
1675,9,568,6,6,0,2,4,2.2
1676,9,58,6,6,0,5,8,1.5
1677,9,606,6,6,0,5,28,5.5
1678,9,695,6,6,0,21,74,3.5
1679,9,99,6,6,0,6,90,15.0
1680,9,843,6,6,0,7,140,20.0
1681,9,888,6,6,0,50,1000,20.0
1682,10,426,6,6,110,0,0,0.0
1683,10,342,6,6,77,46,828,18.0
1684,10,419,6,6,25,35,490,14.0
1685,10,680,6,6,15,15,225,15.0
1686,10,939,6,6,10,15,300,20.0
1687,10,628,6,6,6,50,350,7.0
1688,10,478,6,6,3,5,50,10.0
1689,11,150,6,6,3,7,140,20.0
1690,12,225,6,6,3,0,0,0.0
1691,12,772,6,6,1,1,12,12.0
1692,13,320,6,6,150,195,3120,16.0
1693,13,142,6,6,100,80,2000,25.0
1694,13,142,6,6,100,110,8800,80.0
1695,13,307,6,6,54,96,7712,80.0
1696,13,922,6,6,54,44,1314,30.0
1697,13,876,6,6,53,0,0,0.0
1698,13,307,6,6,41,0,0,0.0
1699,13,663,6,6,40,38,1368,36.0
1700,13,729,6,6,35,18,1080,60.0
1701,13,52,6,6,30,0,0,0.0
1702,13,481,6,6,22,0,0,0.0
1703,13,351,6,6,21,15,192,12.8
1704,13,809,6,6,16,10,120,12.0
1705,13,566,6,6,16,8,600,75.0
1706,13,854,6,6,15,0,0,0.0
1707,13,424,6,6,12,10,120,12.0
1708,13,966,6,6,10,0,0,0.0
1709,13,987,6,6,10,0,0,0.0
1710,13,320,6,6,10,3,240,80.0
1711,13,116,6,6,10,15,240,16.0
1712,13,193,6,6,9,10,760,80.0
1713,13,38,6,6,8,20,190,9.5
1714,13,38,6,6,7,0,0,0.0
1715,13,319,6,6,7,0,0,0.0
1716,13,725,6,6,6,4,80,19.0
1717,13,425,6,6,5,2,30,15.0
1718,13,884,6,6,5,5,50,10.0
1719,13,944,6,6,5,8,136,17.0
1720,13,657,6,6,5,14,182,13.0
1721,13,438,6,6,4,0,0,0.0
1722,13,324,6,6,4,5,60,12.0
1723,13,881,6,6,4,7,112,16.0
1724,13,399,6,6,4,0,0,0.0
1725,13,722,6,6,3,2,48,32.0
1726,13,949,6,6,3,2,56,28.0
1727,13,750,6,6,2,0,0,0.0
1728,13,850,6,6,2,4,100,25.0
1729,13,310,6,6,2,3,240,80.0
1730,13,921,6,6,2,1,29,30.0
1731,13,735,6,6,1,0,0,0.0
1732,13,349,6,6,1,0,0,0.0
1733,13,725,6,6,1,0,0,0.0
1734,13,851,6,6,1,0,0,0.0
1735,13,895,6,6,1,1,17,34.0
1736,13,850,6,6,1,1,40,40.0
1737,13,662,6,6,1,0,0,0.0
1738,13,438,6,6,0,1,14,14.0
1739,13,662,6,6,0,1,14,18.0
1740,13,349,6,6,0,1,23,23.0
1741,13,735,6,6,0,1,23,19.0
1742,13,946,6,6,0,2,24,12.0
1743,13,319,6,6,0,5,50,10.0
1744,13,585,6,6,0,8,90,12.0
1745,13,481,6,6,0,23,1150,50.0
1746,13,876,6,6,0,65,2600,40.0
1747,16,614,6,6,80,80,1200,15.0
1748,16,333,6,6,70,73,1095,15.0
1749,16,21,6,6,40,40,640,16.0
1750,16,428,6,6,35,35,525,15.0
1751,16,335,6,6,30,30,450,15.0
1752,16,205,6,6,25,28,448,16.0
1753,16,135,6,6,23,25,400,16.0
1754,16,613,6,6,20,20,300,15.0
1755,16,716,6,6,20,22,330,15.0
1756,16,887,6,6,18,15,225,15.0
1757,16,847,6,6,17,17,255,15.0
1758,16,350,6,6,15,17,255,15.0
1759,16,538,6,6,13,12,180,15.0
1760,16,390,6,6,12,17,255,15.0
1761,16,789,6,6,11,13,182,14.0
1762,16,879,6,6,10,10,150,15.0
1763,16,873,6,6,9,6,90,15.0
1764,16,5,6,6,9,9,135,15.0
1765,16,73,6,6,8,8,128,16.0
1766,16,25,6,6,8,10,150,15.0
1767,16,880,6,6,7,6,90,15.0
1768,16,558,6,6,7,8,120,15.0
1769,16,690,6,6,6,6,78,13.0
1770,16,14,6,6,6,6,90,15.0
1771,16,570,6,6,6,6,90,15.0
1772,16,7,6,6,6,10,150,15.0
1773,16,380,6,6,5,4,64,16.0
1774,16,533,6,6,5,5,75,15.0
1775,16,389,6,6,4,4,48,12.0
1776,16,576,6,6,4,4,60,15.0
1777,16,406,6,6,4,5,75,15.0
1778,16,706,6,6,3,3,45,15.0
1779,16,869,6,6,3,3,45,15.0
1780,16,965,6,6,2,2,20,10.0
1781,16,290,6,6,2,2,30,15.0
1782,17,245,6,6,35,21,180,8.6
1783,17,931,6,6,15,17,255,15.0
1784,17,246,6,6,13,8,160,20.0
1785,17,79,6,6,11,0,0,0.0
1786,17,472,6,6,10,4,28,7.0
1787,17,308,6,6,10,20,400,20.0
1788,17,420,6,6,7,5,90,18.0
1789,17,752,6,6,7,7,105,15.0
1790,17,961,6,6,6,3,30,10.0
1791,17,686,6,6,5,22,220,10.0
1792,17,274,6,6,2,0,0,0.0
1793,17,16,6,6,0,2,36,18.0
1794,18,196,6,6,80,13,176,13.5
1795,18,316,6,6,40,9,90,10.0
1796,18,989,6,6,21,13,130,10.0
1797,18,826,6,6,15,15,188,12.5
1798,18,20,6,6,10,0,0,0.0
1799,18,47,6,6,10,0,0,0.0
1800,18,707,6,6,7,25,300,12.0
1801,18,790,6,6,5,70,910,13.0
1802,18,675,6,6,0,3,36,12.0
1803,19,761,6,6,28,0,0,0.0
1804,19,446,6,6,15,0,0,0.0
1805,19,754,6,6,3,0,0,0.0
1806,19,354,6,6,2,0,0,0.0
1807,19,114,6,6,1,0,0,0.0
1808,19,754,6,6,0,1,20,20.0
1809,20,15,6,6,80,45,5400,120.0
1810,20,714,6,6,30,8,1120,140.0
1811,20,445,6,6,28,0,0,0.0
1812,20,277,6,6,20,48,144,3.0
1813,20,213,6,6,20,20,800,40.0
1814,20,285,6,6,19,0,0,0.0
1815,20,206,6,6,15,2,16,9.0
1816,20,33,6,6,15,27,936,35.0
1817,20,286,6,6,11,3,360,120.0
1818,20,15,6,6,10,0,0,0.0
1819,20,385,6,6,10,0,0,0.0
1820,20,108,6,6,10,4,28,7.0
1821,20,725,6,6,10,35,4200,120.0
1822,20,755,6,6,9,0,0,0.0
1823,20,352,6,6,9,6,633,115.0
1824,20,865,6,6,8,10,400,40.0
1825,20,213,6,6,8,18,2160,120.0
1826,20,781,6,6,5,5,600,120.0
1827,20,108,6,6,4,0,0,0.0
1828,20,452,6,6,4,0,0,0.0
1829,20,206,6,6,4,1,50,50.0
1830,20,412,6,6,3,0,0,0.0
1831,20,781,6,6,3,5,50,10.0
1832,20,476,6,6,3,1,100,100.0
1833,20,767,6,6,3,5,450,100.0
1834,20,352,6,6,2,0,0,0.0
1835,20,619,6,6,2,5,75,15.0
1836,20,287,6,6,2,3,270,90.0
1837,20,167,6,6,2,2,255,170.0
1838,20,770,6,6,1,0,0,0.0
1839,20,84,6,6,0,2,180,90.0
1840,20,421,6,6,0,0,0,0.0
1841,20,421,6,6,0,0,0,0.0
1842,20,384,6,6,0,0,3,10.0
1843,20,770,6,6,0,10,400,40.0
1844,20,385,6,6,0,10,500,50.0
1845,21,552,6,6,750,490,23520,48.0
1846,21,429,6,6,110,142,4686,33.0
1847,21,1,6,6,100,22,396,18.0
1848,21,259,6,6,60,49,1960,40.0
1849,21,289,6,6,60,60,2100,35.0
1850,21,878,6,6,40,40,1000,25.0
1851,21,216,6,6,30,15,330,22.0
1852,21,371,6,6,25,18,738,41.0
1853,21,104,6,6,13,18,324,18.0
1854,21,96,6,6,11,11,330,30.0
1855,21,54,6,6,10,7,175,25.0
1856,21,251,6,6,10,6,222,37.0
1857,21,117,6,6,10,8,280,35.0
1858,21,955,6,6,10,12,480,40.0
1859,21,953,6,6,9,30,1350,45.0
1860,21,178,6,6,8,10,250,25.0
1861,21,726,6,6,8,41,820,20.0
1862,21,343,6,6,6,6,108,18.0
1863,21,584,6,6,6,11,440,40.0
1864,21,460,6,6,5,5,90,18.0
1865,21,729,6,6,4,4,68,17.0
1866,21,897,6,6,4,4,140,35.0
1867,21,462,6,6,3,3,90,30.0
1868,21,117,6,6,3,4,500,125.0
1869,21,802,6,6,2,0,0,0.0
1870,21,808,6,6,2,1,12,15.0
1871,21,234,6,6,2,1,14,14.0
1872,21,669,6,6,2,14,490,35.0
1873,21,178,6,6,2,3,375,150.0
1874,21,377,6,6,1,1,40,40.0
1875,21,441,6,6,0,4,112,28.0
1876,23,299,6,6,162,62,5580,90.0
1877,23,61,6,6,15,4,80,20.0
1878,23,126,6,6,15,15,1350,90.0
1879,23,199,6,6,11,0,0,0.0
1880,23,219,6,6,8,0,0,0.0
1881,23,665,6,6,6,10,200,20.0
1882,23,665,6,6,1,0,0,0.0
1883,23,334,6,6,1,2,20,10.0
1884,23,334,6,6,1,3,300,100.0
1885,23,607,6,6,1,0,0,0.0
1886,23,710,6,6,0,2,200,100.0
1887,23,433,6,6,0,1,20,20.0
1888,23,519,6,6,0,15,75,5.0
1889,23,199,6,6,0,4,107,28.3
1890,24,600,6,6,33,52,1820,35.0
1891,24,792,6,6,10,5,342,76.0
1892,24,805,6,6,8,2,69,30.0
1893,24,600,6,6,8,8,360,45.0
1894,24,363,6,6,7,0,0,0.0
1895,24,411,6,6,3,0,0,0.0
1896,24,86,6,6,0,1,20,40.8
1897,24,45,6,6,0,9,270,30.0
1898,26,587,6,6,154,220,13200,60.0
1899,26,844,6,6,86,19,416,22.5
1900,26,444,6,6,80,50,1324,26.5
1901,26,340,6,6,60,36,900,25.0
1902,26,604,6,6,60,50,1750,35.0
1903,26,764,6,6,50,20,400,20.0
1904,26,241,6,6,50,100,1850,18.5
1905,26,292,6,6,43,19,608,32.0
1906,26,736,6,6,40,28,280,10.0
1907,26,687,6,6,31,11,275,25.0
1908,26,75,6,6,30,0,0,0.0
1909,26,141,6,6,30,18,630,35.0
1910,26,936,6,6,30,60,1800,30.0
1911,26,93,6,6,25,0,0,0.0
1912,26,161,6,6,21,15,225,15.0
1913,26,493,6,6,21,18,504,28.0
1914,26,176,6,6,20,3,120,40.0
1915,26,829,6,6,20,30,750,25.0
1916,26,509,6,6,18,13,455,35.0
1917,26,461,6,6,15,7,133,19.0
1918,26,982,6,6,15,11,198,18.0
1919,26,718,6,6,15,32,912,28.5
1920,26,212,6,6,12,13,208,16.0
1921,26,900,6,6,11,18,360,20.0
1922,26,209,6,6,10,0,0,0.0
1923,26,551,6,6,10,3,18,6.0
1924,26,853,6,6,10,5,85,17.0
1925,26,942,6,6,10,4,104,26.0
1926,26,172,6,6,10,11,138,12.5
1927,26,103,6,6,10,9,270,30.0
1928,26,579,6,6,10,12,360,30.0
1929,26,742,6,6,9,8,160,20.0
1930,26,820,6,6,8,8,165,22.0
1931,26,306,6,6,6,7,154,22.0
1932,26,373,6,6,5,0,0,0.0
1933,26,304,6,6,5,4,100,25.0
1934,26,182,6,6,5,10,250,25.0
1935,26,553,6,6,5,5,500,100.0
1936,26,76,6,6,4,0,0,0.0
1937,26,740,6,6,4,4,8,2.0
1938,26,557,6,6,3,0,0,0.0
1939,26,325,6,6,3,2,32,16.0
1940,26,215,6,6,3,3,63,25.0
1941,26,49,6,6,3,16,352,22.0
1942,26,330,6,6,2,0,0,0.0
1943,26,508,6,6,2,0,0,0.0
1944,26,368,6,6,2,4,130,32.5
1945,26,465,6,6,2,30,600,20.0
1946,26,272,6,6,1,0,0,0.0
1947,26,357,6,6,1,1,20,20.0
1948,26,632,6,6,1,1,40,40.0
1949,26,942,6,6,1,2,160,80.0
1950,26,368,6,6,1,0,0,0.0
1951,26,948,6,6,0,0,0,0.0
1952,26,272,6,6,0,1,18,18.2
1953,26,577,6,6,0,1,23,23.0
1954,26,130,6,6,0,2,40,20.0
1955,26,401,6,6,0,2,80,40.0
1956,26,93,6,6,0,11,110,10.0
1957,26,350,6,6,0,10,150,15.0
1958,26,557,6,6,0,15,148,9.9
1959,26,508,6,6,0,12,180,15.0
1960,26,778,6,6,0,7,210,30.0
1961,26,75,6,6,0,20,600,30.0
1962,28,382,6,6,111,120,2400,20.0
1963,28,122,6,6,60,35,420,12.0
1964,28,43,6,6,16,12,42,3.5
1965,28,297,6,6,15,0,0,0.0
1966,28,171,6,6,15,20,400,20.0
1967,28,383,6,6,14,9,63,7.0
1968,28,488,6,6,12,12,360,30.0
1969,28,963,6,6,11,10,100,10.0
1970,28,616,6,6,8,0,0,0.0
1971,28,959,6,6,4,0,0,0.0
1972,28,24,6,6,2,0,0,0.0
1973,28,756,6,6,0,3,54,18.0
1974,28,937,6,6,0,18,180,10.0
1975,28,696,6,6,0,37,374,10.1
1976,29,677,6,6,82,50,500,10.0
1977,29,413,6,6,80,48,864,18.0
1978,29,580,6,6,75,72,2244,31.0
1979,29,979,6,6,60,20,400,20.0
1980,29,17,6,6,55,15,600,40.0
1981,29,270,6,6,53,19,266,14.0
1982,29,910,6,6,40,52,1144,22.0
1983,29,952,6,6,38,40,800,20.0
1984,29,131,6,6,34,12,240,20.0
1985,29,99,6,6,28,15,375,25.0
1986,29,347,6,6,27,23,161,7.0
1987,29,120,6,6,26,22,308,14.0
1988,29,769,6,6,26,25,375,15.0
1989,29,58,6,6,24,15,180,12.0
1990,29,244,6,6,23,25,325,13.0
1991,29,110,6,6,23,19,418,22.0
1992,29,305,6,6,20,10,300,30.0
1993,29,692,6,6,15,10,150,15.0
1994,29,138,6,6,14,12,204,17.0
1995,29,924,6,6,11,8,48,6.0
1996,29,625,6,6,10,12,144,12.0
1997,29,129,6,6,10,9,225,25.0
1998,29,813,6,6,10,20,500,25.0
1999,29,907,6,6,9,4,180,45.0
2000,29,109,6,6,7,0,0,0.0
2001,29,129,6,6,7,5,30,6.0
2002,29,263,6,6,7,10,200,20.0
2003,29,256,6,6,6,9,45,5.0
2004,29,435,6,6,6,5,100,20.0
2005,29,907,6,6,5,3,54,18.0
2006,29,336,6,6,4,4,80,20.0
2007,29,550,6,6,4,5,135,27.0
2008,29,947,6,6,4,4,144,36.0
2009,29,980,6,6,3,2,80,40.0
2010,29,395,6,6,3,4,70,20.0
2011,29,904,6,6,3,5,100,20.0
2012,29,41,6,6,3,8,128,16.0
2013,29,155,6,6,2,2,20,10.0
2014,29,685,6,6,2,5,248,55.0
2015,29,980,6,6,2,3,27,9.0
2016,29,685,6,6,0,4,80,20.0
2017,29,947,6,6,0,3,240,80.0
2018,30,867,6,6,1,0,0,0.0
2019,31,236,6,6,340,0,0,0.0
2020,0,449,6,7,1,1,1,0.5
2021,1,602,6,7,195,188,22560,120.0
2022,1,486,6,7,187,188,15980,85.0
2023,1,602,6,7,75,65,5460,84.0
2024,1,359,6,7,70,70,7700,110.0
2025,1,930,6,7,70,80,9600,120.0
2026,1,210,6,7,50,70,1400,20.0
2027,1,777,6,7,48,45,4950,110.0
2028,1,494,6,7,46,45,5220,116.0
2029,1,836,6,7,28,27,3240,120.0
2030,1,805,6,7,23,23,2530,110.0
2031,1,75,6,7,20,25,1500,60.0
2032,1,410,6,7,16,16,1920,120.0
2033,1,149,6,7,15,11,880,80.0
2034,1,91,6,7,15,15,1050,70.0
2035,1,678,6,7,15,9,1068,120.0
2036,1,451,6,7,12,11,83,7.5
2037,1,312,6,7,10,8,1200,150.0
2038,1,929,6,7,9,2,30,20.0
2039,1,58,6,7,8,6,540,90.0
2040,1,29,6,7,8,7,182,26.0
2041,1,783,6,7,7,7,119,17.0
2042,1,339,6,7,6,5,750,150.0
2043,1,930,6,7,6,6,44,8.0
2044,1,133,6,7,5,5,50,10.0
2045,1,243,6,7,5,5,100,20.0
2046,1,252,6,7,5,5,150,30.0
2047,1,344,6,7,5,5,300,60.0
2048,1,975,6,7,5,14,294,21.0
2049,1,35,6,7,5,5,750,150.0
2050,1,392,6,7,4,0,0,0.0
2051,1,87,6,7,4,4,58,16.0
2052,1,35,6,7,4,4,80,20.0
2053,1,396,6,7,4,4,236,59.0
2054,1,396,6,7,4,4,760,190.0
2055,1,892,6,7,3,4,68,17.0
2056,1,119,6,7,3,5,80,15.0
2057,1,293,6,7,3,2,86,57.0
2058,1,718,6,7,3,3,90,30.0
2059,1,133,6,7,3,3,300,100.0
2060,1,360,6,7,3,3,540,180.0
2061,1,630,6,7,2,1,25,25.0
2062,1,941,6,7,2,2,32,16.0
2063,1,376,6,7,2,2,50,25.0
2064,1,337,6,7,2,2,135,90.0
2065,1,793,6,7,1,1,168,120.0
2066,1,314,6,7,1,1,146,133.0
2067,1,416,6,7,1,1,5,5.0
2068,1,252,6,7,1,1,70,70.0
2069,1,769,6,7,1,1,95,95.0
2070,1,248,6,7,1,1,140,140.0
2071,1,398,6,7,1,12,1080,90.0
2072,1,799,6,7,1,1,30,60.0
2073,1,718,6,7,1,1,55,110.0
2074,1,350,6,7,1,1,69,138.0
2075,1,532,6,7,1,1,100,100.0
2076,1,892,6,7,0,0,36,90.0
2077,1,209,6,7,0,0,40,100.0
2078,1,392,6,7,0,0,44,110.0
2079,1,897,6,7,0,0,0,0.0
2080,1,337,6,7,0,1,22,22.0
2081,1,516,6,7,0,0,24,80.0
2082,1,294,6,7,0,3,371,148.5
2083,3,676,6,7,30,0,0,0.0
2084,3,578,6,7,6,0,0,0.0
2085,3,611,6,7,6,0,0,0.0
2086,3,804,6,7,5,0,0,0.0
2087,3,698,6,7,4,2,40,20.0
2088,4,153,6,7,0,1,2,2.0
2089,5,704,6,7,190,48,2928,61.0
2090,5,797,6,7,50,40,4000,100.0
2091,5,704,6,7,34,31,4340,140.0
2092,5,226,6,7,30,20,400,20.0
2093,5,889,6,7,30,30,780,26.0
2094,5,565,6,7,30,19,1235,65.0
2095,5,332,6,7,28,28,980,35.0
2096,5,541,6,7,24,20,920,46.0
2097,5,671,6,7,20,4,160,40.0
2098,5,856,6,7,20,80,4400,55.0
2099,5,954,6,7,20,55,6600,120.0
2100,5,514,6,7,18,18,54,3.0
2101,5,367,6,7,15,19,1045,55.0
2102,5,883,6,7,14,10,248,23.8
2103,5,106,6,7,10,8,80,10.0
2104,5,271,6,7,10,15,180,12.0
2105,5,857,6,7,10,7,896,128.0
2106,5,300,6,7,8,8,160,20.0
2107,5,95,6,7,8,7,210,30.0
2108,5,409,6,7,5,6,168,28.0
2109,5,464,6,7,5,5,200,40.0
2110,5,890,6,7,5,5,200,40.0
2111,5,918,6,7,5,4,260,65.0
2112,5,586,6,7,5,7,280,40.0
2113,5,409,6,7,5,7,840,120.0
2114,5,90,6,7,4,0,0,0.0
2115,5,694,6,7,4,4,16,4.0
2116,5,810,6,7,4,4,35,8.8
2117,5,986,6,7,4,4,500,125.0
2118,5,835,6,7,3,2,63,35.0
2119,5,712,6,7,3,4,80,20.0
2120,5,23,6,7,3,2,136,68.0
2121,5,95,6,7,3,3,180,60.0
2122,5,569,6,7,3,0,0,0.0
2123,5,398,6,7,2,3,20,8.0
2124,5,732,6,7,2,2,131,72.9
2125,5,592,6,7,1,4,280,80.0
2126,5,593,6,7,0,0,2,5.0
2127,5,442,6,7,0,2,14,7.0
2128,5,828,6,7,0,2,38,19.0
2129,5,763,6,7,0,10,450,45.0
2130,5,362,6,7,0,24,1080,45.0
2131,5,877,6,7,0,18,1332,74.0
2132,5,503,6,7,0,12,1920,160.0
2133,5,362,6,7,0,48,3120,65.0
2134,6,480,6,7,120,70,1827,26.1
2135,6,180,6,7,70,70,1750,25.0
2136,6,11,6,7,21,21,567,26.6
2137,6,576,6,7,17,17,323,19.0
2138,6,40,6,7,15,20,340,17.0
2139,6,950,6,7,12,9,176,19.5
2140,6,713,6,7,12,20,400,20.0
2141,6,48,6,7,10,60,1800,30.0
2142,6,852,6,7,7,7,40,5.5
2143,6,537,6,7,7,7,70,10.0
2144,6,482,6,7,7,7,770,110.0
2145,6,83,6,7,7,11,880,80.0
2146,6,960,6,7,7,7,924,132.0
2147,6,707,6,7,5,4,112,28.0
2148,6,40,6,7,5,15,480,32.0
2149,6,423,6,7,4,6,90,15.0
2150,6,688,6,7,3,4,80,20.0
2151,6,489,6,7,2,2,4,2.0
2152,6,48,6,7,2,3,285,95.0
2153,7,779,6,7,0,8,800,100.0
2154,8,699,6,7,0,1,6,12.8
2155,8,862,6,7,0,2,10,5.0
2156,9,888,6,7,113,64,1184,18.5
2157,9,500,6,7,26,14,14,1.0
2158,9,903,6,7,15,10,200,20.0
2159,9,504,6,7,13,12,288,25.0
2160,9,791,6,7,10,4,5,1.5
2161,9,432,6,7,10,8,800,100.0
2162,9,22,6,7,9,7,13,2.0
2163,9,287,6,7,9,6,300,50.0
2164,9,849,6,7,8,6,246,41.0
2165,9,903,6,7,6,8,193,25.0
2166,9,606,6,7,6,6,480,80.0
2167,9,302,6,7,4,2,40,20.0
2168,9,128,6,7,4,3,447,149.0
2169,9,71,6,7,3,3,4,1.5
2170,9,348,6,7,3,2,8,4.0
2171,9,107,6,7,3,2,3,1.5
2172,9,128,6,7,2,2,186,124.0
2173,9,58,6,7,2,2,180,100.0
2174,9,695,6,7,1,2,3,2.0
2175,9,956,6,7,1,0,0,0.0
2176,9,846,6,7,1,1,60,60.0
2177,9,123,6,7,1,1,150,150.0
2178,9,455,6,7,1,1,3,5.0
2179,9,99,6,7,0,0,48,120.0
2180,9,394,6,7,0,0,1,3.0
2181,9,956,6,7,0,1,25,25.0
2182,10,426,6,7,90,95,1140,12.0
2183,10,680,6,7,45,5,75,15.0
2184,10,419,6,7,36,23,276,12.0
2185,10,342,6,7,20,40,720,18.0
2186,10,628,6,7,18,5,35,7.0
2187,10,939,6,7,15,10,150,15.0
2188,10,478,6,7,5,3,25,10.0
2189,10,13,6,7,3,0,0,0.0
2190,11,150,6,7,3,3,60,20.0
2191,12,772,6,7,1,1,18,18.0
2192,12,225,6,7,0,2,20,10.0
2193,13,320,6,7,120,145,2320,16.0
2194,13,142,6,7,110,100,8000,80.0
2195,13,142,6,7,80,100,2500,25.0
2196,13,307,6,7,61,37,3350,91.2
2197,13,307,6,7,58,47,5616,120.0
2198,13,876,6,7,53,0,0,0.0
2199,13,922,6,7,53,54,1620,30.0
2200,13,663,6,7,40,40,144,3.6
2201,13,52,6,7,30,24,192,8.0
2202,13,987,6,7,20,9,45,5.0
2203,13,424,6,7,20,12,144,12.0
2204,13,481,6,7,18,21,516,24.6
2205,13,566,6,7,17,15,1200,80.0
2206,13,809,6,7,16,12,180,15.0
2207,13,351,6,7,16,21,273,13.0
2208,13,854,6,7,15,15,750,50.0
2209,13,944,6,7,10,5,50,10.0
2210,13,38,6,7,10,7,63,9.0
2211,13,116,6,7,10,10,170,17.0
2212,13,193,6,7,10,9,1080,120.0
2213,13,320,6,7,8,10,900,90.0
2214,13,725,6,7,7,6,96,16.0
2215,13,319,6,7,7,5,250,50.0
2216,13,881,6,7,6,4,20,5.0
2217,13,657,6,7,5,5,50,11.0
2218,13,38,6,7,5,7,70,10.0
2219,13,324,6,7,4,4,42,12.0
2220,13,425,6,7,4,5,100,20.0
2221,13,750,6,7,3,2,30,15.0
2222,13,438,6,7,3,4,64,16.0
2223,13,722,6,7,3,3,75,25.0
2224,13,949,6,7,2,3,45,15.0
2225,13,850,6,7,2,2,160,80.0
2226,13,310,6,7,2,2,252,126.0
2227,13,735,6,7,1,1,23,19.0
2228,13,349,6,7,1,1,25,23.6
2229,13,344,6,7,1,0,0,0.0
2230,13,921,6,7,1,0,0,0.0
2231,13,851,6,7,1,1,6,7.0
2232,13,725,6,7,1,1,27,27.0
2233,13,895,6,7,1,1,60,60.0
2234,13,399,6,7,1,4,20,5.8
2235,13,850,6,7,1,1,50,50.0
2236,13,662,6,7,0,1,8,15.0
2237,13,884,6,7,0,5,50,10.0
2238,13,921,6,7,0,2,62,41.5
2239,13,729,6,7,0,32,2080,65.0
2240,13,876,6,7,0,53,4830,91.1
2241,16,614,6,7,92,80,1200,15.0
2242,16,333,6,7,80,70,1050,15.0
2243,16,21,6,7,45,38,570,15.0
2244,16,335,6,7,34,30,450,15.0
2245,16,428,6,7,32,35,525,15.0
2246,16,135,6,7,27,23,345,15.0
2247,16,205,6,7,26,25,375,15.0
2248,16,613,6,7,23,20,300,15.0
2249,16,716,6,7,22,20,300,15.0
2250,16,350,6,7,20,15,225,15.0
2251,16,847,6,7,18,17,255,15.0
2252,16,538,6,7,15,12,180,15.0
2253,16,390,6,7,15,12,180,15.0
2254,16,887,6,7,14,18,270,15.0
2255,16,690,6,7,10,6,78,13.0
2256,16,7,6,7,10,6,90,15.0
2257,16,873,6,7,10,6,90,15.0
2258,16,25,6,7,10,8,120,15.0
2259,16,5,6,7,10,9,135,15.0
2260,16,73,6,7,9,8,120,15.0
2261,16,879,6,7,9,10,150,15.0
2262,16,570,6,7,8,6,90,15.0
2263,16,558,6,7,8,7,105,15.0
2264,16,789,6,7,8,10,140,14.0
2265,16,533,6,7,7,4,48,12.0
2266,16,14,6,7,7,6,90,15.0
2267,16,869,6,7,6,3,45,15.0
2268,16,380,6,7,6,4,60,15.0
2269,16,406,6,7,5,4,60,15.0
2270,16,576,6,7,5,4,60,15.0
2271,16,880,6,7,5,6,90,15.0
2272,16,965,6,7,4,2,20,10.0
2273,16,706,6,7,4,3,45,15.0
2274,16,290,6,7,3,2,30,15.0
2275,16,389,6,7,3,4,52,13.0
2276,16,575,6,7,1,0,0,0.0
2277,17,686,6,7,106,3,30,10.0
2278,17,79,6,7,30,6,36,6.0
2279,17,931,6,7,25,14,210,15.0
2280,17,245,6,7,21,20,300,15.0
2281,17,752,6,7,18,5,50,10.0
2282,17,308,6,7,15,8,144,18.0
2283,17,246,6,7,14,10,170,17.0
2284,17,420,6,7,9,4,72,18.0
2285,17,472,6,7,8,8,56,7.0
2286,17,16,6,7,4,0,0,0.0
2287,17,274,6,7,3,2,12,6.0
2288,17,961,6,7,0,5,50,10.0
2289,18,316,6,7,70,39,585,15.0
2290,18,707,6,7,40,5,25,5.0
2291,18,826,6,7,39,10,125,12.5
2292,18,196,6,7,35,78,468,6.0
2293,18,989,6,7,24,15,225,15.0
2294,18,675,6,7,20,0,0,0.0
2295,18,20,6,7,10,8,112,14.0
2296,18,790,6,7,6,5,55,11.0
2297,18,47,6,7,0,10,100,10.0
2298,19,761,6,7,25,28,644,23.0
2299,19,446,6,7,10,15,375,25.0
2300,19,754,6,7,3,3,60,20.0
2301,19,354,6,7,2,2,6,3.0
2302,19,114,6,7,0,1,6,6.0
2303,20,15,6,7,80,78,7800,100.0
2304,20,33,6,7,35,15,375,25.0
2305,20,532,6,7,30,0,0,0.0
2306,20,445,6,7,30,28,28,1.0
2307,20,714,6,7,30,25,3500,140.0
2308,20,277,6,7,20,20,700,35.0
2309,20,213,6,7,17,16,800,50.0
2310,20,206,6,7,15,14,126,9.0
2311,20,213,6,7,12,8,960,120.0
2312,20,15,6,7,11,8,400,50.0
2313,20,352,6,7,11,9,855,95.0
2314,20,286,6,7,11,11,1890,175.0
2315,20,865,6,7,10,7,140,20.0
2316,20,755,6,7,10,9,810,90.0
2317,20,725,6,7,10,10,1200,120.0
2318,20,781,6,7,5,5,200,40.0
2319,20,108,6,7,5,4,320,80.0
2320,20,206,6,7,4,4,360,90.0
2321,20,452,6,7,4,4,600,150.0
2322,20,972,6,7,3,0,0,0.0
2323,20,781,6,7,3,3,18,7.0
2324,20,412,6,7,3,3,105,35.0
2325,20,476,6,7,3,3,300,100.0
2326,20,619,6,7,2,2,30,15.0
2327,20,287,6,7,2,2,180,90.0
2328,20,167,6,7,2,2,289,170.0
2329,20,770,6,7,1,1,50,50.0
2330,20,84,6,7,0,0,18,120.0
2331,20,421,6,7,0,0,4,35.0
2332,20,421,6,7,0,0,4,35.0
2333,20,352,6,7,0,1,15,30.0
2334,20,108,6,7,0,9,63,7.0
2335,20,385,6,7,0,10,75,7.5
2336,20,285,6,7,0,18,72,4.0
2337,20,767,6,7,0,2,225,98.0
2338,21,552,6,7,490,700,28000,40.0
2339,21,429,6,7,110,110,3300,30.0
2340,21,1,6,7,100,100,2000,20.0
2341,21,289,6,7,60,60,2100,35.0
2342,21,259,6,7,50,59,2360,40.0
2343,21,726,6,7,41,8,224,28.0
2344,21,878,6,7,40,40,1000,25.0
2345,21,216,6,7,30,30,900,30.0
2346,21,371,6,7,20,24,936,39.0
2347,21,104,6,7,19,13,234,18.0
2348,21,953,6,7,14,9,198,22.0
2349,21,584,6,7,14,6,210,35.0
2350,21,96,6,7,11,11,330,30.0
2351,21,251,6,7,11,9,333,37.0
2352,21,955,6,7,11,10,407,41.5
2353,21,343,6,7,8,6,108,18.0
2354,21,178,6,7,8,8,200,25.0
2355,21,117,6,7,8,10,350,35.0
2356,21,460,6,7,5,5,90,18.0
2357,21,54,6,7,5,10,250,25.0
2358,21,729,6,7,4,4,100,25.0
2359,21,117,6,7,4,3,375,125.0
2360,21,462,6,7,3,3,9,3.0
2361,21,669,6,7,3,2,68,34.0
2362,21,897,6,7,3,4,140,35.0
2363,21,808,6,7,2,2,27,15.0
2364,21,377,6,7,2,1,35,35.0
2365,21,802,6,7,2,2,36,20.0
2366,21,178,6,7,2,2,225,150.0
2367,21,234,6,7,1,2,32,16.0
2368,23,299,6,7,162,162,14580,90.0
2369,23,61,6,7,18,15,300,20.0
2370,23,126,6,7,15,15,1350,90.0
2371,23,199,6,7,13,11,630,57.3
2372,23,665,6,7,10,6,492,82.0
2373,23,219,6,7,8,8,60,7.5
2374,23,433,6,7,6,0,0,0.0
2375,23,665,6,7,1,1,40,40.0
2376,23,607,6,7,1,0,0,0.0
2377,23,710,6,7,0,0,30,100.0
2378,23,334,6,7,0,1,10,10.0
2379,23,607,6,7,0,1,19,38.0
2380,23,334,6,7,0,1,100,100.0
2381,24,600,6,7,33,33,1139,35.0
2382,24,805,6,7,10,8,246,30.0
2383,24,792,6,7,10,10,450,45.0
2384,24,600,6,7,8,8,351,45.0
2385,24,363,6,7,7,7,175,25.0
2386,24,411,6,7,2,3,66,22.0
2387,24,249,6,7,2,0,0,0.0
2388,26,587,6,7,115,140,3500,25.0
2389,26,844,6,7,86,86,3376,39.3
2390,26,444,6,7,80,50,2000,40.0
2391,26,764,6,7,50,50,100,2.0
2392,26,241,6,7,50,50,2000,40.0
2393,26,604,6,7,50,60,2100,35.0
2394,26,141,6,7,30,30,1500,50.0
2395,26,93,6,7,30,20,2000,100.0
2396,26,75,6,7,30,25,3000,120.0
2397,26,829,6,7,25,20,1440,72.0
2398,26,292,6,7,23,39,1080,27.7
2399,26,161,6,7,22,16,256,16.0
2400,26,493,6,7,20,14,420,30.0
2401,26,736,6,7,20,40,520,13.0
2402,26,340,6,7,17,55,1375,25.0
2403,26,687,6,7,16,31,275,9.0
2404,26,982,6,7,15,14,420,30.0
2405,26,579,6,7,14,10,307,30.7
2406,26,509,6,7,14,18,1350,75.0
2407,26,936,6,7,12,30,600,20.0
2408,26,778,6,7,10,0,0,0.0
2409,26,742,6,7,10,8,167,20.4
2410,26,461,6,7,10,10,190,19.0
2411,26,942,6,7,10,10,200,20.0
2412,26,212,6,7,10,12,240,20.0
2413,26,900,6,7,10,10,280,28.0
2414,26,103,6,7,9,10,300,30.0
2415,26,820,6,7,8,7,154,22.0
2416,26,172,6,7,8,10,250,25.0
2417,26,853,6,7,8,10,250,25.0
2418,26,209,6,7,8,10,400,40.0
2419,26,306,6,7,7,6,132,22.0
2420,26,553,6,7,6,5,400,80.0
2421,26,740,6,7,5,4,100,25.0
2422,26,182,6,7,5,5,100,20.0
2423,26,304,6,7,5,5,100,20.0
2424,26,551,6,7,5,10,250,25.0
2425,26,130,6,7,3,0,0,0.0
2426,26,49,6,7,3,3,48,16.0
2427,26,368,6,7,3,2,60,30.0
2428,26,215,6,7,3,3,75,25.0
2429,26,401,6,7,2,0,0,0.0
2430,26,577,6,7,2,0,0,0.0
2431,26,330,6,7,2,2,24,12.0
2432,26,325,6,7,2,3,43,17.0
2433,26,465,6,7,2,2,60,30.0
2434,26,357,6,7,1,1,14,14.0
2435,26,368,6,7,1,1,18,35.0
2436,26,632,6,7,1,1,40,40.0
2437,26,942,6,7,1,1,120,120.0
2438,26,176,6,7,1,20,800,40.0
2439,26,557,6,7,1,2,100,50.0
2440,26,948,6,7,0,0,1,25.0
2441,26,76,6,7,0,4,10,2.5
2442,26,373,6,7,0,5,100,20.0
2443,26,272,6,7,0,1,150,150.0
2444,26,508,6,7,0,2,199,99.3
2445,26,718,6,7,0,15,390,26.0
2446,28,382,6,7,115,111,2187,19.7
2447,28,122,6,7,65,60,1200,20.0
2448,28,171,6,7,20,15,300,20.0
2449,28,721,6,7,15,0,0,0.0
2450,28,297,6,7,15,13,104,8.0
2451,28,963,6,7,13,10,100,10.0
2452,28,383,6,7,10,11,77,7.0
2453,28,43,6,7,8,8,28,3.5
2454,28,488,6,7,8,12,360,30.0
2455,28,24,6,7,3,2,3,1.4
2456,28,959,6,7,0,4,42,10.5
2457,28,616,6,7,0,6,169,28.1
2458,29,413,6,7,85,80,1504,18.9
2459,29,580,6,7,74,72,5256,73.0
2460,29,677,6,7,65,82,820,10.0
2461,29,17,6,7,55,53,2120,40.0
2462,29,910,6,7,53,40,800,20.0
2463,29,270,6,7,51,53,1484,28.0
2464,29,979,6,7,50,60,1800,30.0
2465,29,131,6,7,45,34,680,20.0
2466,29,952,6,7,40,38,1520,40.0
2467,29,120,6,7,26,26,520,20.0
2468,29,347,6,7,26,27,540,20.0
2469,29,244,6,7,25,23,322,14.0
2470,29,769,6,7,25,26,638,25.0
2471,29,99,6,7,25,28,784,28.0
2472,29,110,6,7,24,23,506,22.0
2473,29,305,6,7,20,19,665,35.0
2474,29,692,6,7,15,15,225,15.0
2475,29,138,6,7,12,14,238,17.0
2476,29,109,6,7,11,7,630,90.0
2477,29,625,6,7,10,10,200,20.0
2478,29,813,6,7,10,10,400,40.0
2479,29,907,6,7,9,9,405,45.0
2480,29,924,6,7,9,11,220,20.0
2481,29,336,6,7,8,4,80,20.0
2482,29,129,6,7,8,9,225,25.0
2483,29,256,6,7,8,6,405,67.5
2484,29,263,6,7,7,7,210,30.0
2485,29,58,6,7,7,24,288,12.0
2486,29,435,6,7,6,5,100,20.0
2487,29,947,6,7,6,4,144,36.0
2488,29,129,6,7,6,7,210,30.0
2489,29,904,6,7,5,2,50,25.0
2490,29,550,6,7,5,4,112,28.0
2491,29,907,6,7,5,5,113,25.0
2492,29,685,6,7,4,0,0,0.0
2493,29,41,6,7,4,3,60,20.0
2494,29,980,6,7,4,3,130,40.0
2495,29,395,6,7,3,3,45,15.0
2496,29,155,6,7,2,2,30,15.0
2497,29,685,6,7,2,2,100,50.0
2498,29,980,6,7,2,2,33,20.0
2499,29,439,6,7,1,0,0,0.0
2500,29,947,6,7,1,0,0,0.0
2501,30,867,6,7,0,1,5,5.0
2502,31,236,6,7,0,340,1360,4.0
2503,0,449,6,8,3,0,0,0.0
2504,1,486,6,8,201,197,7289,37.0
2505,1,602,6,8,160,148,17760,120.0
2506,1,930,6,8,125,100,12000,120.0
2507,1,210,6,8,100,25,375,15.0
2508,1,359,6,8,40,0,0,0.0
2509,1,75,6,8,30,18,1080,60.0
2510,1,602,6,8,30,35,2730,78.0
2511,1,777,6,8,26,0,0,0.0
2512,1,836,6,8,22,17,1870,110.0
2513,1,494,6,8,22,43,4988,116.0
2514,1,396,6,8,20,9,531,59.0
2515,1,398,6,8,18,2,180,90.0
2516,1,451,6,8,15,0,0,0.0
2517,1,91,6,8,15,5,50,10.0
2518,1,410,6,8,12,0,0,0.0
2519,1,864,6,8,12,6,720,120.0
2520,1,312,6,8,8,0,0,0.0
2521,1,975,6,8,8,4,84,21.0
2522,1,133,6,8,8,9,90,10.0
2523,1,29,6,8,8,8,213,26.0
2524,1,929,6,8,7,11,220,20.0
2525,1,344,6,8,7,6,360,60.0
2526,1,392,6,8,6,6,240,40.0
2527,1,892,6,8,5,4,64,16.0
2528,1,87,6,8,5,5,77,16.0
2529,1,783,6,8,5,5,90,18.0
2530,1,243,6,8,5,5,125,25.0
2531,1,930,6,8,5,5,125,25.0
2532,1,293,6,8,5,4,500,125.0
2533,1,396,6,8,5,4,760,190.0
2534,1,248,6,8,3,3,420,140.0
2535,1,294,6,8,3,1,75,150.0
2536,1,337,6,8,2,0,0,0.0
2537,1,941,6,8,2,2,2,0.8
2538,1,350,6,8,2,1,9,9.3
2539,1,376,6,8,2,2,60,30.0
2540,1,793,6,8,2,2,240,120.0
2541,1,805,6,8,2,2,300,150.0
2542,1,119,6,8,1,0,0,0.0
2543,1,769,6,8,1,2,135,90.0
2544,1,532,6,8,1,0,0,0.0
2545,1,61,6,8,1,0,0,0.0
2546,1,416,6,8,1,1,5,5.0
2547,1,58,6,8,1,1,28,28.0
2548,1,360,6,8,1,1,35,35.1
2549,1,630,6,8,1,0,48,120.0
2550,1,152,6,8,1,2,173,115.0
2551,1,360,6,8,1,2,420,210.0
2552,1,929,6,8,1,0,0,0.0
2553,1,799,6,8,1,0,0,0.0
2554,1,209,6,8,0,0,0,0.0
2555,1,892,6,8,0,0,0,0.0
2556,1,392,6,8,0,0,0,0.0
2557,1,940,6,8,0,3,22,8.0
2558,1,252,6,8,0,1,70,70.0
2559,1,35,6,8,0,5,75,15.0
2560,1,252,6,8,0,3,90,30.0
2561,1,35,6,8,0,4,180,45.0
2562,1,102,6,8,0,16,250,15.6
2563,1,678,6,8,0,5,624,120.0
2564,3,804,6,8,23,0,0,0.0
2565,3,477,6,8,4,0,0,0.0
2566,3,72,6,8,2,0,0,0.0
2567,3,676,6,8,0,40,1400,35.0
2568,4,153,6,8,3,0,0,0.0
2569,5,704,6,8,150,148,6926,46.8
2570,5,954,6,8,57,54,6476,120.0
2571,5,856,6,8,50,0,0,0.0
2572,5,856,6,8,32,0,0,0.0
2573,5,704,6,8,30,20,2000,100.0
2574,5,332,6,8,28,9,630,70.0
2575,5,367,6,8,22,20,1000,50.0
2576,5,797,6,8,20,30,3000,100.0
2577,5,877,6,8,18,34,2479,74.0
2578,5,565,6,8,17,0,0,0.0
2579,5,106,6,8,17,10,750,75.0
2580,5,763,6,8,15,15,300,20.0
2581,5,503,6,8,15,18,2160,120.0
2582,5,889,6,8,14,12,1200,100.0
2583,5,226,6,8,12,7,60,8.5
2584,5,586,6,8,11,9,360,40.0
2585,5,409,6,8,10,0,0,0.0
2586,5,464,6,8,10,0,0,0.0
2587,5,877,6,8,10,0,0,0.0
2588,5,857,6,8,10,15,1450,100.0
2589,5,954,6,8,9,0,0,0.0
2590,5,300,6,8,8,0,0,0.0
2591,5,694,6,8,8,0,0,0.0
2592,5,889,6,8,8,7,294,42.0
2593,5,409,6,8,8,17,1280,74.0
2594,5,810,6,8,7,5,23,4.5
2595,5,90,6,8,6,4,420,100.0
2596,5,271,6,8,5,0,0,0.0
2597,5,712,6,8,5,5,80,16.0
2598,5,890,6,8,5,5,200,40.0
2599,5,95,6,8,5,5,300,60.0
2600,5,23,6,8,4,2,23,15.5
2601,5,362,6,8,4,7,350,50.0
2602,5,323,6,8,3,0,0,0.0
2603,5,835,6,8,3,5,158,35.0
2604,5,95,6,8,3,4,160,40.0
2605,5,828,6,8,2,0,0,0.0
2606,5,186,6,8,2,2,60,30.0
2607,5,732,6,8,2,2,134,74.6
2608,5,186,6,8,1,0,0,0.0
2609,5,439,6,8,1,1,45,45.0
2610,5,541,6,8,1,1,23,44.4
2611,5,398,6,8,0,1,36,36.0
2612,5,569,6,8,0,2,166,83.0
2613,5,919,6,8,0,10,900,90.0
2614,5,503,6,8,0,15,1200,80.0
2615,5,565,6,8,0,20,1306,65.3
2616,6,480,6,8,158,138,5796,42.0
2617,6,180,6,8,80,75,1875,25.0
2618,6,48,6,8,65,80,2400,30.0
2619,6,40,6,8,32,25,405,16.2
2620,6,490,6,8,14,4,72,18.0
2621,6,713,6,8,14,10,250,25.0
2622,6,576,6,8,12,0,0,0.0
2623,6,689,6,8,12,16,960,60.0
2624,6,598,6,8,8,10,190,20.0
2625,6,537,6,8,7,0,0,0.0
2626,6,423,6,8,7,6,120,20.0
2627,6,960,6,8,7,7,924,132.0
2628,6,950,6,8,6,5,125,25.0
2629,6,707,6,8,5,4,52,13.0
2630,6,482,6,8,5,4,360,90.0
2631,6,688,6,8,5,0,0,0.0
2632,6,83,6,8,4,0,0,0.0
2633,6,48,6,8,4,3,270,90.0
2634,6,852,6,8,3,2,40,20.0
2635,6,423,6,8,3,3,200,80.0
2636,6,489,6,8,1,1,11,16.0
2637,6,567,6,8,0,0,9,90.0
2638,6,567,6,8,0,2,31,15.5
2639,6,688,6,8,0,2,120,60.0
2640,6,537,6,8,0,3,243,90.0
2641,6,11,6,8,0,19,380,20.0
2642,7,779,6,8,2,7,70,10.0
2643,7,268,6,8,0,5,13,2.5
2644,8,548,6,8,2,0,0,0.0
2645,8,170,6,8,2,1,40,40.0
2646,8,862,6,8,1,1,18,18.0
2647,8,703,6,8,1,0,0,0.0
2648,8,521,6,8,0,4,160,40.0
2649,9,888,6,8,70,55,1100,20.0
2650,9,695,6,8,20,0,0,0.0
2651,9,846,6,8,14,20,400,20.0
2652,9,500,6,8,13,24,192,8.0
2653,9,846,6,8,12,0,0,0.0
2654,9,504,6,8,12,13,313,25.0
2655,9,903,6,8,12,14,420,30.0
2656,9,843,6,8,9,8,256,32.0
2657,9,606,6,8,7,5,28,5.5
2658,9,903,6,8,7,5,200,40.0
2659,9,849,6,8,7,7,204,30.0
2660,9,58,6,8,6,6,8,1.5
2661,9,22,6,8,6,26,52,2.0
2662,9,287,6,8,6,6,300,50.0
2663,9,99,6,8,6,2,4,2.0
2664,9,432,6,8,5,0,0,0.0
2665,9,568,6,8,4,2,3,2.2
2666,9,302,6,8,4,4,11,3.0
2667,9,791,6,8,4,1,2,1.5
2668,9,128,6,8,3,0,0,0.0
2669,9,71,6,8,3,3,36,12.0
2670,9,348,6,8,3,3,36,12.0
2671,9,455,6,8,2,0,0,0.0
2672,9,107,6,8,2,1,1,2.5
2673,9,123,6,8,2,1,2,1.5
2674,9,128,6,8,1,9,920,102.2
2675,9,956,6,8,1,2,10,5.0
2676,9,432,6,8,0,4,21,6.0
2677,10,426,6,8,100,0,0,0.0
2678,10,342,6,8,100,50,1000,20.0
2679,10,628,6,8,80,0,0,0.0
2680,10,419,6,8,52,0,0,0.0
2681,10,680,6,8,25,20,380,19.0
2682,10,939,6,8,15,10,200,20.0
2683,10,478,6,8,4,3,36,12.0
2684,11,150,6,8,4,6,114,20.0
2685,12,225,6,8,3,2,23,15.0
2686,12,772,6,8,1,0,0,0.0
2687,13,320,6,8,200,205,3280,16.0
2688,13,307,6,8,111,62,8990,145.0
2689,13,142,6,8,100,80,2000,25.0
2690,13,142,6,8,100,110,8800,80.0
2691,13,876,6,8,62,5,70,14.0
2692,13,424,6,8,45,33,396,12.0
2693,13,922,6,8,43,32,960,30.0
2694,13,663,6,8,40,38,1368,36.0
2695,13,481,6,8,25,0,0,0.0
2696,13,351,6,8,20,15,45,3.0
2697,13,38,6,8,20,10,100,10.0
2698,13,116,6,8,19,18,288,16.0
2699,13,729,6,8,19,18,1080,60.0
2700,13,809,6,8,15,12,180,15.0
2701,13,657,6,8,12,14,182,13.0
2702,13,566,6,8,11,7,525,75.0
2703,13,585,6,8,10,12,138,12.0
2704,13,193,6,8,10,10,1200,120.0
2705,13,944,6,8,9,7,119,17.0
2706,13,324,6,8,8,9,108,12.0
2707,13,319,6,8,6,0,0,0.0
2708,13,725,6,8,6,0,0,0.0
2709,13,750,6,8,5,0,0,0.0
2710,13,850,6,8,4,1,2,2.0
2711,13,425,6,8,4,2,30,15.0
2712,13,881,6,8,4,9,54,6.0
2713,13,438,6,8,4,2,24,16.0
2714,13,949,6,8,3,4,105,30.0
2715,13,320,6,8,3,3,270,90.0
2716,13,722,6,8,3,0,0,0.0
2717,13,310,6,8,2,0,0,0.0
2718,13,349,6,8,2,0,0,0.0
2719,13,735,6,8,1,0,0,0.0
2720,13,946,6,8,1,0,0,0.0
2721,13,850,6,8,1,4,160,40.0
2722,13,662,6,8,1,0,0,0.0
2723,13,895,6,8,1,0,4,9.0
2724,13,321,6,8,0,0,5,45.0
2725,13,349,6,8,0,1,12,24.0
2726,13,725,6,8,0,4,16,4.0
2727,13,438,6,8,0,1,21,16.0
2728,13,735,6,8,0,1,25,19.0
2729,13,319,6,8,0,5,50,10.0
2730,13,921,6,8,0,1,55,57.8
2731,13,722,6,8,0,2,68,40.0
2732,13,662,6,8,0,1,90,180.0
2733,13,884,6,8,0,5,125,25.0
2734,13,310,6,8,0,5,750,150.0
2735,13,481,6,8,0,80,720,9.0
2736,13,307,6,8,0,24,2160,90.0
2737,16,614,6,8,132,70,1120,16.0
2738,16,333,6,8,120,82,1230,15.0
2739,16,428,6,8,70,35,525,15.0
2740,16,21,6,8,45,58,1044,18.0
2741,16,613,6,8,40,18,288,16.0
2742,16,335,6,8,40,40,720,18.0
2743,16,135,6,8,32,30,555,18.5
2744,16,205,6,8,25,30,540,18.0
2745,16,390,6,8,20,20,320,16.0
2746,16,716,6,8,18,25,400,16.0
2747,16,350,6,8,17,18,315,17.5
2748,16,5,6,8,15,10,160,16.0
2749,16,879,6,8,15,14,224,16.0
2750,16,847,6,8,15,17,255,15.0
2751,16,789,6,8,13,18,288,16.0
2752,16,887,6,8,13,18,288,16.0
2753,16,538,6,8,13,20,320,16.0
2754,16,690,6,8,12,6,78,13.0
2755,16,873,6,8,12,7,119,17.0
2756,16,73,6,8,12,8,160,20.0
2757,16,7,6,8,10,15,270,18.0
2758,16,558,6,8,9,8,128,16.0
2759,16,533,6,8,8,6,90,15.0
2760,16,25,6,8,8,12,216,18.0
2761,16,965,6,8,7,3,42,14.0
2762,16,570,6,8,7,6,102,17.0
2763,16,406,6,8,6,5,85,17.0
2764,16,880,6,8,6,6,102,17.0
2765,16,14,6,8,6,10,160,16.0
2766,16,869,6,8,5,3,54,18.0
2767,16,389,6,8,5,4,56,14.0
2768,16,380,6,8,5,5,90,18.0
2769,16,576,6,8,4,4,64,16.0
2770,16,706,6,8,3,3,48,16.0
2771,16,290,6,8,2,2,32,16.0
2772,17,931,6,8,16,8,120,15.0
2773,17,245,6,8,15,0,0,0.0
2774,17,79,6,8,12,15,135,9.0
2775,17,752,6,8,11,6,90,15.0
2776,17,246,6,8,11,15,300,20.0
2777,17,308,6,8,11,20,400,20.0
2778,17,472,6,8,8,6,48,8.0
2779,17,420,6,8,8,6,108,18.0
2780,17,961,6,8,5,0,0,0.0
2781,17,686,6,8,4,7,105,15.0
2782,17,16,6,8,0,3,54,18.0
2783,18,790,6,8,70,60,840,14.0
2784,18,316,6,8,30,40,560,14.0
2785,18,196,6,8,25,30,411,13.7
2786,18,826,6,8,25,50,600,12.0
2787,18,989,6,8,20,25,250,10.0
2788,18,707,6,8,10,2,24,12.0
2789,18,675,6,8,2,0,0,0.0
2790,19,257,6,8,4,0,0,0.0
2791,19,446,6,8,2,0,0,0.0
2792,20,15,6,8,90,90,10800,120.0
2793,20,277,6,8,54,46,1380,30.0
2794,20,33,6,8,40,40,1400,35.0
2795,20,725,6,8,35,0,0,0.0
2796,20,108,6,8,20,18,270,15.0
2797,20,213,6,8,20,17,850,50.0
2798,20,770,6,8,17,0,0,0.0
2799,20,865,6,8,10,0,0,0.0
2800,20,385,6,8,10,10,150,15.0
2801,20,619,6,8,10,10,200,20.0
2802,20,714,6,8,8,4,800,200.0
2803,20,213,6,8,8,15,1800,120.0
2804,20,352,6,8,5,0,0,0.0
2805,20,972,6,8,5,3,30,10.0
2806,20,781,6,8,5,5,50,10.0
2807,20,767,6,8,5,5,360,80.0
2808,20,781,6,8,5,5,600,120.0
2809,20,286,6,8,3,3,300,120.0
2810,20,206,6,8,3,9,225,25.0
2811,20,287,6,8,2,3,540,180.0
2812,20,206,6,8,2,9,720,80.0
2813,20,108,6,8,1,0,0,0.0
2814,20,476,6,8,1,1,100,100.0
2815,20,167,6,8,1,2,255,170.0
2816,20,84,6,8,0,0,36,90.0
2817,20,384,6,8,0,0,0,0.0
2818,20,714,6,8,0,3,21,7.0
2819,20,770,6,8,0,10,400,40.0
2820,20,755,6,8,0,5,500,100.0
2821,21,552,6,8,700,700,33600,48.0
2822,21,429,6,8,150,142,4686,33.0
2823,21,289,6,8,60,60,2100,35.0
2824,21,878,6,8,40,40,1000,25.0
2825,21,259,6,8,40,49,1960,40.0
2826,21,371,6,8,25,18,738,41.0
2827,21,104,6,8,20,5,40,8.0
2828,21,1,6,8,20,20,400,20.0
2829,21,953,6,8,20,25,750,30.0
2830,21,54,6,8,15,2,36,18.0
2831,21,216,6,8,15,20,440,22.0
2832,21,251,6,8,12,11,407,37.0
2833,21,955,6,8,12,11,440,40.0
2834,21,96,6,8,11,11,330,30.0
2835,21,117,6,8,10,0,0,0.0
2836,21,178,6,8,10,0,0,0.0
2837,21,669,6,8,9,14,490,35.0
2838,21,726,6,8,8,41,820,20.0
2839,21,343,6,8,6,8,152,19.0
2840,21,460,6,8,5,10,180,18.0
2841,21,897,6,8,5,5,200,40.0
2842,21,584,6,8,4,5,200,40.0
2843,21,462,6,8,3,3,90,30.0
2844,21,117,6,8,3,12,780,65.0
2845,21,808,6,8,3,3,75,25.0
2846,21,178,6,8,3,13,625,50.0
2847,21,234,6,8,2,1,16,16.0
2848,21,802,6,8,2,2,60,30.0
2849,21,729,6,8,2,5,125,25.0
2850,21,377,6,8,1,1,40,40.0
2851,21,441,6,8,0,5,140,28.0
2852,23,299,6,8,62,53,4431,83.6
2853,23,519,6,8,27,23,162,7.0
2854,23,199,6,8,25,2,81,45.0
2855,23,199,6,8,18,0,0,0.0
2856,23,665,6,8,17,0,0,0.0
2857,23,126,6,8,15,0,0,0.0
2858,23,61,6,8,5,1,26,20.0
2859,23,334,6,8,5,0,0,0.0
2860,23,665,6,8,5,22,258,12.0
2861,23,433,6,8,3,6,90,15.0
2862,23,710,6,8,2,8,800,100.0
2863,23,607,6,8,1,0,0,0.0
2864,23,126,6,8,0,18,264,15.0
2865,24,600,6,8,52,23,805,35.0
2866,24,792,6,8,9,6,450,75.0
2867,24,600,6,8,8,6,270,45.0
2868,24,45,6,8,8,10,300,30.0
2869,24,363,6,8,2,0,0,0.0
2870,24,86,6,8,2,1,5,4.8
2871,24,805,6,8,2,3,90,30.0
2872,26,587,6,8,180,120,7200,60.0
2873,26,241,6,8,80,100,1850,18.5
2874,26,444,6,8,80,50,2000,40.0
2875,26,340,6,8,70,40,1000,25.0
2876,26,465,6,8,50,9,270,30.0
2877,26,736,6,8,50,28,280,10.0
2878,26,604,6,8,50,30,1050,35.0
2879,26,718,6,8,41,34,955,28.5
2880,26,936,6,8,40,60,1800,30.0
2881,26,829,6,8,30,35,700,20.0
2882,26,212,6,8,24,25,550,22.0
2883,26,982,6,8,22,11,198,18.0
2884,26,49,6,8,21,16,352,22.0
2885,26,493,6,8,21,17,510,30.0
2886,26,161,6,8,20,0,0,0.0
2887,26,844,6,8,20,0,0,0.0
2888,26,764,6,8,20,16,259,16.2
2889,26,75,6,8,20,15,300,20.0
2890,26,93,6,8,20,35,350,10.0
2891,26,687,6,8,20,13,390,30.0
2892,26,461,6,8,20,43,817,19.0
2893,26,292,6,8,18,20,640,32.0
2894,26,141,6,8,17,11,292,27.3
2895,26,579,6,8,17,10,300,30.0
2896,26,961,6,8,15,0,0,0.0
2897,26,557,6,8,15,12,120,10.0
2898,26,900,6,8,15,14,420,30.0
2899,26,172,6,8,14,11,138,12.5
2900,26,509,6,8,13,6,179,28.4
2901,26,508,6,8,12,15,135,9.0
2902,26,350,6,8,10,2,11,7.0
2903,26,742,6,8,9,9,219,23.7
2904,26,103,6,8,9,19,570,30.0
2905,26,820,6,8,7,3,60,20.0
2906,26,853,6,8,7,6,108,18.0
2907,26,306,6,8,7,7,154,22.0
2908,26,961,6,8,5,0,0,0.0
2909,26,942,6,8,5,7,14,2.0
2910,26,553,6,8,5,5,500,100.0
2911,26,76,6,8,4,0,0,0.0
2912,26,215,6,8,4,0,5,25.0
2913,26,325,6,8,4,2,32,16.0
2914,26,982,6,8,3,0,0,0.0
2915,26,551,6,8,3,2,12,6.0
2916,26,740,6,8,3,4,12,3.0
2917,26,357,6,8,3,4,120,30.0
2918,26,368,6,8,3,5,200,40.0
2919,26,401,6,8,2,0,0,0.0
2920,26,942,6,8,2,0,0,0.0
2921,26,176,6,8,2,1,40,40.0
2922,26,261,6,8,1,0,0,0.0
2923,26,272,6,8,1,1,6,8.0
2924,26,632,6,8,1,1,60,60.0
2925,26,368,6,8,1,0,0,0.0
2926,26,849,6,8,0,1,10,10.0
2927,26,577,6,8,0,1,25,25.0
2928,26,304,6,8,0,4,28,7.0
2929,26,182,6,8,0,3,42,14.0
2930,26,778,6,8,0,5,85,17.0
2931,26,400,6,8,0,5,101,20.1
2932,26,345,6,8,0,13,299,23.0
2933,28,382,6,8,120,120,1800,15.0
2934,28,963,6,8,65,13,138,11.0
2935,28,696,6,8,35,37,374,10.1
2936,28,122,6,8,30,35,700,20.0
2937,28,171,6,8,25,20,200,10.0
2938,28,937,6,8,20,28,336,12.0
2939,28,43,6,8,16,12,48,4.0
2940,28,383,6,8,14,8,56,7.0
2941,28,488,6,8,12,6,120,20.0
2942,28,756,6,8,6,10,180,18.0
2943,28,959,6,8,4,0,0,0.0
2944,28,24,6,8,3,3,24,8.0
2945,28,297,6,8,0,12,108,9.0
2946,29,580,6,8,72,34,1088,32.0
2947,29,677,6,8,70,52,520,10.0
2948,29,910,6,8,65,52,1144,22.0
2949,29,979,6,8,60,55,1650,30.0
2950,29,413,6,8,50,47,888,18.9
2951,29,131,6,8,34,18,360,20.0
2952,29,58,6,8,30,20,300,15.0
2953,29,99,6,8,30,17,408,24.0
2954,29,769,6,8,30,25,875,35.0
2955,29,347,6,8,27,21,168,8.0
2956,29,244,6,8,25,27,355,13.0
2957,29,120,6,8,22,15,225,15.0
2958,29,110,6,8,20,20,440,22.0
2959,29,17,6,8,20,22,1100,50.0
2960,29,270,6,8,19,18,270,15.0
2961,29,138,6,8,16,14,238,17.0
2962,29,305,6,8,15,15,525,35.0
2963,29,41,6,8,10,8,128,16.0
2964,29,692,6,8,10,10,150,15.0
2965,29,263,6,8,10,10,200,20.0
2966,29,625,6,8,10,12,204,17.0
2967,29,813,6,8,10,20,500,25.0
2968,29,129,6,8,8,8,20,2.5
2969,29,924,6,8,8,8,48,6.0
2970,29,907,6,8,8,5,125,25.0
2971,29,256,6,8,8,12,230,20.0
2972,29,947,6,8,8,7,252,36.0
2973,29,129,6,8,7,6,45,7.5
2974,29,952,6,8,7,37,740,20.0
2975,29,685,6,8,6,4,68,17.0
2976,29,435,6,8,6,7,140,20.0
2977,29,904,6,8,5,5,90,20.0
2978,29,980,6,8,5,7,140,20.0
2979,29,685,6,8,5,5,275,55.0
2980,29,907,6,8,4,4,160,40.0
2981,29,395,6,8,3,5,90,20.0
2982,29,550,6,8,3,5,140,28.0
2983,29,155,6,8,2,0,0,0.0
2984,29,336,6,8,2,4,100,25.0
2985,29,980,6,8,2,3,120,40.0
2986,29,947,6,8,1,0,0,0.0
2987,29,439,6,8,0,2,60,30.0
2988,29,253,6,8,0,4,64,16.0
2989,29,109,6,8,0,7,63,9.0
2990,31,236,6,8,340,165,660,4.0
2991,0,449,6,9,5,2,2,1.0
2992,0,648,6,9,4,0,0,0.0
2993,1,486,6,9,190,195,7800,40.0
2994,1,602,6,9,170,158,18960,120.0
2995,1,930,6,9,77,125,15000,120.0
2996,1,494,6,9,46,20,2320,116.0
2997,1,210,6,9,40,80,1600,20.0
2998,1,359,6,9,40,30,3300,110.0
2999,1,602,6,9,30,27,2025,75.0
3000,1,777,6,9,26,26,2704,104.0
3001,1,75,6,9,20,27,1620,60.0
3002,1,836,6,9,20,20,2200,110.0
3003,1,929,6,9,12,7,130,20.0
3004,1,410,6,9,12,12,1080,90.0
3005,1,678,6,9,11,0,0,0.0
3006,1,396,6,9,9,20,1180,59.0
3007,1,29,6,9,9,8,208,26.0
3008,1,451,6,9,8,13,98,7.5
3009,1,133,6,9,7,8,80,10.0
3010,1,344,6,9,7,7,390,60.0
3011,1,392,6,9,6,6,244,40.0
3012,1,864,6,9,6,11,1320,120.0
3013,1,930,6,9,5,5,40,8.0
3014,1,87,6,9,5,5,72,16.0
3015,1,783,6,9,5,5,90,18.0
3016,1,243,6,9,5,5,125,25.0
3017,1,91,6,9,5,15,150,10.0
3018,1,293,6,9,5,5,600,120.0
3019,1,975,6,9,4,8,168,21.0
3020,1,396,6,9,4,5,950,190.0
3021,1,892,6,9,4,5,77,17.0
3022,1,248,6,9,3,3,420,140.0
3023,1,941,6,9,2,2,16,8.0
3024,1,360,6,9,2,1,210,210.0
3025,1,793,6,9,2,2,240,120.0
3026,1,805,6,9,2,2,300,150.0
3027,1,312,6,9,2,8,1200,150.0
3028,1,350,6,9,2,2,19,9.3
3029,1,769,6,9,2,1,124,95.0
3030,1,416,6,9,1,1,5,5.0
3031,1,58,6,9,1,1,28,28.0
3032,1,360,6,9,1,1,33,33.2
3033,1,376,6,9,1,2,50,25.0
3034,1,152,6,9,1,1,115,115.0
3035,1,398,6,9,1,13,1170,90.0
3036,1,630,6,9,1,1,110,110.0
3037,1,119,6,9,1,1,26,20.0
3038,1,799,6,9,1,1,30,60.0
3039,1,532,6,9,1,1,40,40.0
3040,1,392,6,9,0,0,33,110.0
3041,1,892,6,9,0,0,38,95.0
3042,1,718,6,9,0,0,0,0.0
3043,1,61,6,9,0,1,35,35.0
3044,1,209,6,9,0,0,40,100.0
3045,1,337,6,9,0,2,40,20.0
3046,1,929,6,9,0,1,48,60.0
3047,1,294,6,9,0,3,371,148.5
3048,3,676,6,9,5,0,0,0.0
3049,3,72,6,9,0,1,4,7.0
3050,3,804,6,9,0,11,33,3.0
3051,4,153,6,9,0,1,2,2.0
3052,5,704,6,9,190,145,10150,70.0
3053,5,856,6,9,80,50,2250,45.0
3054,5,954,6,9,45,57,6784,120.0
3055,5,704,6,9,34,30,3600,120.0
3056,5,367,6,9,25,20,1200,60.0
3057,5,671,6,9,22,0,0,0.0
3058,5,565,6,9,17,17,1105,65.0
3059,5,877,6,9,15,10,245,25.0
3060,5,503,6,9,15,15,1200,80.0
3061,5,877,6,9,14,18,1750,100.0
3062,5,857,6,9,13,10,1216,128.0
3063,5,586,6,9,11,9,360,40.0
3064,5,106,6,9,10,8,96,12.0
3065,5,763,6,9,10,15,300,20.0
3066,5,409,6,9,10,10,1176,120.0
3067,5,797,6,9,10,20,2000,100.0
3068,5,954,6,9,9,9,279,29.7
3069,5,226,6,9,9,12,114,9.5
3070,5,332,6,9,9,28,952,34.0
3071,5,694,6,9,8,8,64,8.0
3072,5,300,6,9,8,8,80,10.0
3073,5,409,6,9,8,8,221,28.0
3074,5,362,6,9,8,4,240,60.0
3075,5,890,6,9,7,5,200,40.0
3076,5,889,6,9,7,12,1080,90.0
3077,5,90,6,9,6,4,420,100.0
3078,5,827,6,9,6,0,0,0.0
3079,5,810,6,9,6,7,196,28.0
3080,5,712,6,9,5,5,100,20.0
3081,5,889,6,9,5,7,280,40.0
3082,5,95,6,9,5,5,450,90.0
3083,5,23,6,9,4,4,23,5.7
3084,5,95,6,9,4,2,60,30.0
3085,5,835,6,9,3,3,98,35.0
3086,5,186,6,9,2,2,60,30.0
3087,5,732,6,9,2,2,143,75.0
3088,5,439,6,9,1,1,8,10.0
3089,5,541,6,9,1,1,23,44.0
3090,5,828,6,9,0,2,38,19.0
3091,5,271,6,9,0,5,50,10.0
3092,5,186,6,9,0,1,80,80.0
3093,5,323,6,9,0,2,100,50.0
3094,5,464,6,9,0,5,200,40.0
3095,5,856,6,9,0,32,2560,80.0
3096,6,480,6,9,150,130,3406,26.2
3097,6,48,6,9,65,55,1760,32.0
3098,6,180,6,9,55,80,2000,25.0
3099,6,40,6,9,32,32,784,24.5
3100,6,11,6,9,19,0,0,0.0
3101,6,576,6,9,12,12,276,23.0
3102,6,598,6,9,10,8,280,35.0
3103,6,713,6,9,10,14,420,30.0
3104,6,490,6,9,9,12,216,18.0
3105,6,960,6,9,8,7,854,122.0
3106,6,423,6,9,6,7,140,20.0
3107,6,537,6,9,6,6,144,24.0
3108,6,950,6,9,6,5,150,30.0
3109,6,707,6,9,5,4,112,28.0
3110,6,689,6,9,5,12,600,50.0
3111,6,48,6,9,4,4,333,95.0
3112,6,423,6,9,3,3,162,58.0
3113,6,688,6,9,2,0,0,0.0
3114,6,852,6,9,2,3,45,15.0
3115,6,482,6,9,2,5,300,60.0
3116,6,489,6,9,2,1,17,24.0
3117,6,83,6,9,0,3,136,40.0
3118,6,688,6,9,0,5,324,72.0
3119,7,779,6,9,0,2,20,10.0
3120,8,521,6,9,2,0,0,0.0
3121,8,862,6,9,1,1,18,18.0
3122,8,170,6,9,1,2,80,40.0
3123,8,703,6,9,0,1,7,13.0
3124,8,548,6,9,0,2,80,40.0
3125,9,888,6,9,60,68,1360,20.0
3126,9,500,6,9,24,10,80,8.0
3127,9,695,6,9,22,15,53,3.5
3128,9,903,6,9,15,11,220,20.0
3129,9,846,6,9,12,12,42,3.5
3130,9,504,6,9,12,12,288,25.0
3131,9,606,6,9,7,7,39,5.5
3132,9,99,6,9,7,4,53,15.0
3133,9,843,6,9,7,7,140,20.0
3134,9,849,6,9,7,6,242,39.0
3135,9,287,6,9,7,5,250,50.0
3136,9,22,6,9,7,6,22,4.0
3137,9,58,6,9,6,5,5,1.0
3138,9,903,6,9,6,7,373,53.3
3139,9,128,6,9,5,3,216,77.0
3140,9,302,6,9,4,2,4,2.0
3141,9,348,6,9,3,3,12,4.0
3142,9,71,6,9,3,2,20,10.0
3143,9,432,6,9,3,5,500,111.0
3144,9,791,6,9,2,3,5,1.5
3145,9,568,6,9,2,4,9,2.2
3146,9,128,6,9,2,1,140,100.0
3147,9,107,6,9,1,2,2,1.0
3148,9,123,6,9,1,2,3,2.0
3149,9,455,6,9,0,2,5,3.0
3150,9,956,6,9,0,1,5,5.0
3151,9,846,6,9,0,10,820,82.0
3152,10,628,6,9,80,25,175,7.0
3153,10,342,6,9,50,80,1360,17.0
3154,10,419,6,9,38,41,533,13.0
3155,10,680,6,9,20,15,210,14.0
3156,10,939,6,9,15,8,240,30.0
3157,10,478,6,9,6,4,40,10.0
3158,10,426,6,9,0,100,700,7.0
3159,11,150,6,9,7,4,80,20.0
3160,12,772,6,9,1,1,18,18.0
3161,12,225,6,9,0,3,20,8.0
3162,13,320,6,9,200,200,3200,16.0
3163,13,142,6,9,110,100,8000,80.0
3164,13,307,6,9,105,101,8096,80.0
3165,13,142,6,9,80,100,2500,25.0
3166,13,876,6,9,65,62,2488,40.0
3167,13,922,6,9,45,41,1239,30.0
3168,13,663,6,9,40,39,1404,36.0
3169,13,481,6,9,25,23,1150,50.0
3170,13,38,6,9,20,20,190,9.5
3171,13,729,6,9,18,19,1140,60.0
3172,13,116,6,9,17,16,272,17.0
3173,13,809,6,9,15,12,180,15.0
3174,13,351,6,9,15,20,260,13.0
3175,13,424,6,9,15,35,420,12.0
3176,13,657,6,9,14,12,156,13.0
3177,13,566,6,9,14,10,713,75.0
3178,13,944,6,9,10,8,136,17.0
3179,13,193,6,9,10,10,760,80.0
3180,13,585,6,9,9,9,102,12.0
3181,13,324,6,9,8,5,60,12.0
3182,13,881,6,9,7,4,60,15.0
3183,13,319,6,9,6,5,100,20.0
3184,13,884,6,9,5,0,0,0.0
3185,13,725,6,9,4,4,76,19.0
3186,13,850,6,9,4,4,100,25.0
3187,13,425,6,9,3,4,60,15.0
3188,13,949,6,9,3,3,63,25.0
3189,13,310,6,9,3,2,160,80.0
3190,13,320,6,9,3,3,240,80.0
3191,13,946,6,9,2,1,11,11.0
3192,13,722,6,9,2,3,105,42.0
3193,13,735,6,9,1,1,23,19.0
3194,13,850,6,9,1,1,40,40.0
3195,13,349,6,9,1,2,43,24.0
3196,13,438,6,9,1,4,56,16.0
3197,13,921,6,9,1,0,0,0.0
3198,13,662,6,9,1,1,12,15.0
3199,13,895,6,9,1,1,17,34.0
3200,13,750,6,9,0,4,60,17.0
3201,16,614,6,9,82,132,2112,16.0
3202,16,333,6,9,76,120,1800,15.0
3203,16,21,6,9,42,43,688,16.0
3204,16,428,6,9,37,70,1260,18.0
3205,16,335,6,9,34,40,640,16.0
3206,16,205,6,9,28,25,500,20.0
3207,16,135,6,9,25,30,600,20.0
3208,16,613,6,9,23,40,640,16.0
3209,16,716,6,9,22,18,288,16.0
3210,16,350,6,9,20,17,298,17.5
3211,16,847,6,9,17,15,225,15.0
3212,16,390,6,9,17,20,320,16.0
3213,16,789,6,9,15,13,208,16.0
3214,16,887,6,9,15,13,208,16.0
3215,16,538,6,9,14,12,192,16.0
3216,16,7,6,9,12,10,160,16.0
3217,16,879,6,9,12,15,240,16.0
3218,16,25,6,9,11,8,128,16.0
3219,16,873,6,9,10,12,228,19.0
3220,16,5,6,9,9,15,240,16.0
3221,16,570,6,9,8,6,102,17.0
3222,16,558,6,9,8,8,128,16.0
3223,16,73,6,9,8,12,228,19.0
3224,16,14,6,9,7,6,96,16.0
3225,16,880,6,9,7,6,102,17.0
3226,16,690,6,9,7,12,144,12.0
3227,16,533,6,9,6,7,105,15.0
3228,16,406,6,9,5,6,84,14.0
3229,16,380,6,9,5,5,90,18.0
3230,16,389,6,9,4,4,56,14.0
3231,16,576,6,9,4,4,64,16.0
3232,16,869,6,9,4,4,64,16.0
3233,16,965,6,9,4,7,112,16.0
3234,16,706,6,9,3,3,48,16.0
3235,16,290,6,9,2,2,32,16.0
3236,17,686,6,9,32,3,30,10.0
3237,17,308,6,9,22,8,160,20.0
3238,17,245,6,9,21,15,128,8.6
3239,17,931,6,9,18,16,240,15.0
3240,17,246,6,9,10,8,160,20.0
3241,17,752,6,9,9,10,100,10.0
3242,17,420,6,9,8,6,108,18.0
3243,17,472,6,9,6,4,24,6.0
3244,17,961,6,9,5,5,50,10.0
3245,17,16,6,9,2,0,0,0.0
3246,17,79,6,9,0,6,96,16.0
3247,18,790,6,9,70,70,1015,14.5
3248,18,196,6,9,35,15,203,13.5
3249,18,707,6,9,30,7,84,12.0
3250,18,316,6,9,24,8,88,11.0
3251,18,989,6,9,20,15,210,14.0
3252,18,826,6,9,20,20,250,12.5
3253,18,675,6,9,4,2,24,12.0
3254,19,754,6,9,1,0,0,0.0
3255,19,446,6,9,0,2,8,4.0
3256,19,257,6,9,0,4,80,20.0
3257,20,277,6,9,50,52,208,4.0
3258,20,15,6,9,45,90,10800,120.0
3259,20,725,6,9,35,35,4200,120.0
3260,20,33,6,9,30,40,1400,35.0
3261,20,108,6,9,20,10,40,4.0
3262,20,213,6,9,20,16,640,40.0
3263,20,213,6,9,18,8,960,120.0
3264,20,770,6,9,15,12,480,40.0
3265,20,865,6,9,10,9,360,40.0
3266,20,385,6,9,10,10,500,50.0
3267,20,714,6,9,8,8,1120,140.0
3268,20,352,6,9,6,5,590,118.0
3269,20,619,6,9,5,3,45,15.0
3270,20,781,6,9,5,5,50,10.0
3271,20,767,6,9,5,5,450,100.0
3272,20,781,6,9,5,5,600,120.0
3273,20,287,6,9,3,2,180,90.0
3274,20,286,6,9,3,3,360,120.0
3275,20,206,6,9,2,2,23,10.0
3276,20,84,6,9,2,0,36,90.0
3277,20,167,6,9,2,1,170,170.0
3278,20,206,6,9,1,1,70,50.0
3279,20,476,6,9,1,1,100,100.0
3280,20,384,6,9,0,0,3,10.0
3281,20,972,6,9,0,5,30,6.0
3282,20,108,6,9,0,1,100,100.0
3283,21,552,6,9,490,700,33600,48.0
3284,21,429,6,9,142,150,4950,33.0
3285,21,289,6,9,60,60,2100,35.0
3286,21,259,6,9,50,39,1560,40.0
3287,21,726,6,9,41,8,280,35.0
3288,21,878,6,9,40,40,1000,25.0
3289,21,953,6,9,30,20,500,25.0
3290,21,1,6,9,22,20,300,15.0
3291,21,104,6,9,22,18,324,18.0
3292,21,371,6,9,20,25,950,38.0
3293,21,216,6,9,15,15,330,22.0
3294,21,669,6,9,14,9,252,28.0
3295,21,955,6,9,12,12,460,40.0
3296,21,584,6,9,11,4,140,35.0
3297,21,96,6,9,11,11,330,30.0
3298,21,178,6,9,10,10,250,25.0
3299,21,117,6,9,8,10,350,35.0
3300,21,251,6,9,8,9,333,37.0
3301,21,54,6,9,7,15,375,25.0
3302,21,441,6,9,6,0,0,0.0
3303,21,343,6,9,6,6,108,18.0
3304,21,460,6,9,5,5,90,18.0
3305,21,729,6,9,4,2,50,25.0
3306,21,897,6,9,4,5,200,40.0
3307,21,117,6,9,4,3,375,125.0
3308,21,462,6,9,3,3,90,30.0
3309,21,178,6,9,3,3,375,150.0
3310,21,808,6,9,2,2,30,15.0
3311,21,234,6,9,1,2,32,16.0
3312,21,377,6,9,1,1,40,40.0
3313,21,802,6,9,0,1,20,20.0
3314,23,299,6,9,62,62,5580,90.0
3315,23,519,6,9,18,26,156,6.0
3316,23,126,6,9,15,15,1350,90.0
3317,23,665,6,9,10,5,92,20.0
3318,23,61,6,9,10,5,26,5.1
3319,23,199,6,9,4,17,638,38.0
3320,23,334,6,9,3,0,0,0.0
3321,23,334,6,9,2,5,50,10.0
3322,23,710,6,9,2,2,200,100.0
3323,23,433,6,9,1,3,51,20.0
3324,23,607,6,9,0,1,12,12.0
3325,23,665,6,9,0,17,1393,82.4
3326,23,199,6,9,0,24,1440,60.0
3327,24,600,6,9,52,52,1820,35.0
3328,24,45,6,9,9,8,240,30.0
3329,24,600,6,9,8,8,360,45.0
3330,24,792,6,9,6,9,646,76.0
3331,24,805,6,9,2,2,48,30.0
3332,24,86,6,9,2,2,78,40.8
3333,24,363,6,9,0,2,70,35.0
3334,26,587,6,9,220,180,10800,60.0
3335,26,241,6,9,120,60,1080,18.0
3336,26,444,6,9,70,50,1324,26.5
3337,26,936,6,9,60,40,800,20.0
3338,26,604,6,9,50,50,1250,25.0
3339,26,340,6,9,38,62,1550,25.0
3340,26,718,6,9,34,36,972,27.0
3341,26,75,6,9,30,15,300,20.0
3342,26,736,6,9,30,35,455,13.0
3343,26,829,6,9,30,30,750,25.0
3344,26,465,6,9,30,50,2000,40.0
3345,26,292,6,9,22,16,432,27.0
3346,26,900,6,9,20,10,200,20.0
3347,26,161,6,9,20,15,225,15.0
3348,26,49,6,9,20,17,374,22.0
3349,26,764,6,9,20,20,400,20.0
3350,26,493,6,9,20,14,420,30.0
3351,26,844,6,9,20,20,430,21.5
3352,26,141,6,9,20,16,544,34.0
3353,26,350,6,9,15,8,120,15.0
3354,26,557,6,9,15,15,270,18.0
3355,26,172,6,9,14,11,138,12.5
3356,26,687,6,9,14,18,162,9.0
3357,26,212,6,9,13,23,368,16.0
3358,26,509,6,9,13,13,390,30.0
3359,26,93,6,9,12,15,150,10.0
3360,26,508,6,9,12,12,240,20.0
3361,26,982,6,9,12,20,360,18.0
3362,26,579,6,9,12,17,527,31.0
3363,26,182,6,9,10,0,0,0.0
3364,26,778,6,9,10,0,0,0.0
3365,26,742,6,9,10,8,167,20.4
3366,26,461,6,9,10,10,300,30.0
3367,26,103,6,9,9,9,270,30.0
3368,26,820,6,9,8,6,132,22.0
3369,26,306,6,9,7,7,154,22.0
3370,26,853,6,9,5,5,100,20.0
3371,26,553,6,9,5,5,500,100.0
3372,26,304,6,9,4,0,0,0.0
3373,26,740,6,9,4,3,9,3.0
3374,26,368,6,9,4,3,105,35.0
3375,26,942,6,9,4,5,140,28.0
3376,26,551,6,9,3,3,9,3.0
3377,26,176,6,9,3,2,60,40.0
3378,26,215,6,9,3,3,75,25.0
3379,26,130,6,9,2,0,0,0.0
3380,26,357,6,9,2,2,50,25.0
3381,26,325,6,9,2,4,68,17.0
3382,26,401,6,9,2,2,80,40.0
3383,26,942,6,9,2,2,160,80.0
3384,26,272,6,9,1,1,19,19.0
3385,26,577,6,9,1,0,0,0.0
3386,26,632,6,9,1,1,40,40.0
3387,26,76,6,9,0,4,10,2.5
3388,26,368,6,9,0,1,30,60.0
3389,26,261,6,9,0,1,30,25.0
3390,26,982,6,9,0,3,42,14.0
3391,26,961,6,9,0,12,36,3.0
3392,26,961,6,9,0,5,450,90.0
3393,28,382,6,9,120,100,2000,20.0
3394,28,696,6,9,40,28,280,10.0
3395,28,122,6,9,35,30,1185,39.5
3396,28,937,6,9,20,17,204,12.0
3397,28,171,6,9,20,25,625,25.0
3398,28,43,6,9,12,16,56,3.5
3399,28,488,6,9,12,12,360,30.0
3400,28,383,6,9,10,11,77,7.0
3401,28,963,6,9,10,65,293,4.5
3402,28,756,6,9,6,5,90,18.0
3403,28,24,6,9,0,3,24,8.0
3404,28,959,6,9,0,4,42,10.5
3405,29,580,6,9,72,72,2244,31.0
3406,29,910,6,9,53,62,1426,23.0
3407,29,677,6,9,50,7,105,15.0
3408,29,413,6,9,50,48,907,18.9
3409,29,952,6,9,40,7,70,10.0
3410,29,347,6,9,26,24,168,7.0
3411,29,244,6,9,25,25,325,13.0
3412,29,769,6,9,25,30,1050,35.0
3413,29,120,6,9,22,22,308,14.0
3414,29,813,6,9,20,10,250,25.0
3415,29,110,6,9,20,20,440,22.0
3416,29,979,6,9,20,60,1800,30.0
3417,29,270,6,9,19,19,266,14.0
3418,29,99,6,9,16,25,700,28.0
3419,29,58,6,9,15,30,450,15.0
3420,29,17,6,9,15,20,1000,50.0
3421,29,625,6,9,12,10,170,17.0
3422,29,138,6,9,12,16,272,17.0
3423,29,131,6,9,12,34,680,20.0
3424,29,256,6,9,10,7,33,5.0
3425,29,692,6,9,10,10,150,15.0
3426,29,263,6,9,10,10,200,20.0
3427,29,305,6,9,10,15,525,35.0
3428,29,129,6,9,9,6,150,25.0
3429,29,924,6,9,8,8,48,6.0
3430,29,41,6,9,8,7,112,16.0
3431,29,435,6,9,6,5,100,20.0
3432,29,129,6,9,5,7,49,7.0
3433,29,550,6,9,5,3,84,28.0
3434,29,904,6,9,5,5,90,20.0
3435,29,947,6,9,5,7,252,36.0
3436,29,685,6,9,5,5,275,55.0
3437,29,336,6,9,4,2,40,20.0
3438,29,685,6,9,4,6,114,19.0
3439,29,907,6,9,4,4,180,45.0
3440,29,395,6,9,4,3,60,20.0
3441,29,947,6,9,3,1,48,80.0
3442,29,980,6,9,3,5,50,10.0
3443,29,907,6,9,3,8,240,30.0
3444,29,155,6,9,2,2,20,10.0
3445,29,980,6,9,2,2,90,45.0
3446,31,236,6,9,0,340,1360,4.0
